Label, Parent Label
32768,31749
32896,30843
32384,31142
32640,31241
32832,30772
32320,31635
32576,31034
32448,31751
32704,31343
32800,31729
32288,31894
32544,31036
32416,31567
32672,31455
32864,31810
32352,31292
32608,31890
32992,30927
32736,31787
32784,30837
32912,31440
32656,31576
32848,31648
32592,30911
32464,31462
32720,31775
32304,31690
32944,31632
32432,31390
32688,31074
32240,31859
32752,31634
32776,31639
32264,31390
32840,31625
32968,31494
32456,31645
32712,30871
32808,31216
32552,31894
32936,31586
32424,31078
32680,31637
32744,31909
32792,31743
32920,31375
32664,31872
32344,30917
32472,31886
32216,30867
32728,31884
32824,31066
32312,31641
32568,31730
32952,31954
32440,31886
32696,30932
32888,31848
32248,31037
32760,31542
32772,31141
32260,31913
32644,31321
32836,31667
32580,31590
32964,31951
32708,30923
32804,31758
32292,31241
32420,31881
32676,30770
32868,31860
32612,30799
32020,31306
32532,31666
32916,31896
32404,31670
32660,30848
32852,31016
32468,30773
32820,31660
32308,31949
32564,31423
32436,30798
32692,30834
32884,31722
32372,31909
32628,31221
32780,31532
32908,31942
32396,31381
32844,31495
32332,31212
32460,30745
32204,31739
32716,31667
32300,31626
32940,31799
32684,31722
32876,31857
32364,31485
32620,31267
33004,31870
32748,31180
32284,31075
32924,30954
32860,31382
32348,31811
32476,31885
32220,31862
32828,31006
32060,30707
32572,31728
32956,31950
32700,30935
32892,30959
32636,31076
33020,30919
32764,31748
32578,31807
32450,31755
32706,30933
32802,31758
32290,31636
32546,30836
32930,31903
32674,31849
32866,31630
32610,31063
32482,31567
32738,31347
32274,31518
32530,30867
32402,31887
32658,31645
32466,31037
32306,31948
32562,31803
32946,31371
32434,31636
32690,31554
32626,31628
32754,31079
32522,31348
32906,30828
32394,31005
32842,31226
32586,31234
32458,31319
32714,31666
32298,30830
32938,31620
32426,31652
32874,31007
32362,31380
32618,30921
32746,31671
32794,31871
32922,31014
32666,30886
32346,30747
32602,30762
32474,30869
32826,31034
32570,31220
32954,31770
32442,31861
32186,31846
32698,31662
32250,31498
32774,31906
33030,31951
32838,30827
32326,31207
32582,30839
31942,31319
32198,30815
32806,31770
32934,31050
32422,31946
32678,31737
32870,31685
32742,31858
32918,30918
32406,31946
32662,31646
32342,31381
31958,30829
32822,31553
32310,31846
32694,30955
32886,30825
32374,31554
32630,31227
32246,30775
32758,31077
32782,30833
32910,31746
32654,31133
32334,31241
32462,31019
32206,31740
32718,31778
32942,31800
32430,31942
32174,31815
32686,30816
32878,31075
32366,31716
32750,30845
32798,31756
32542,31377
32926,31891
32670,31203
32862,31322
32990,30888
32478,31848
32734,30760
32830,30775
32318,31660
32574,31655
32446,31726
32702,31665
32894,31725
32254,30693
32766,31750
32769,31748
32257,31870
32897,31555
32833,30772
32321,30846
32577,31534
32449,31754
32705,30933
32801,31070
32545,31498
32929,31499
32673,30770
32865,30846
32353,30959
32609,30778
32481,31811
32737,31856
32785,30837
32913,31007
32657,30848
32593,31556
32465,31462
32721,31774
32305,31948
32945,31441
32689,31074
32881,30839
32369,31173
32497,31079
32753,31070
32777,31815
32905,31556
32393,31306
32841,31226
32073,30955
32585,31593
32457,31193
32713,30871
32553,31223
32937,31620
32425,31434
32681,31637
32361,31379
32617,31234
32489,31593
32745,31168
32537,30823
32921,31014
32473,30868
32825,31655
32569,31731
32953,31268
32441,31180
32697,31661
32889,31121
32377,31080
32121,31377
32249,31594
32773,31905
32901,31807
32389,31646
32645,30816
32325,31816
32581,31591
32965,30836
32453,31804
32933,31903
32421,31953
32869,31686
32357,31167
32741,31858
32789,31738
32533,31563
32917,31220
32405,31954
32661,30838
32853,31455
32341,31372
32949,31944
32437,31896
32885,30830
32373,31944
32629,31224
32501,31859
32757,31077
32781,31563
32269,31895
32909,31747
32653,31129
32333,31241
32589,31244
32461,31653
32717,31668
32813,30763
32941,31179
32429,31389
32685,31078
32877,31856
32365,31485
32621,31684
32749,30868
32797,31369
32413,31531
32669,31203
32861,31382
32989,30888
32477,31861
32733,30748
32829,31488
32317,31657
32573,31685
32445,31141
32701,31664
32893,31727
32381,30828
32637,31816
32765,31749
32771,31212
32003,31648
32899,31121
32835,31192
32963,31950
32451,31643
32707,31663
32803,31548
32931,31901
32419,31669
32675,31849
32867,31860
32611,31518
32483,31241
32739,30930
32787,31690
32275,31520
32531,31562
32403,31887
32659,31736
32339,31553
32563,31422
32691,30829
32883,31227
32499,31555
32243,31109
32755,31039
32779,31532
32523,31348
32907,30773
32395,31151
32843,31228
32331,31551
32587,30886
32811,31338
32939,31799
32427,31010
32683,31724
32875,31857
32363,31499
32619,30922
32747,31174
32795,31871
32283,31593
32539,31876
32667,30927
32859,30764
32475,31884
32827,31656
32955,31949
32699,30921
32891,31729
32379,31080
32123,30799
32635,31076
31995,30763
32775,31639
32903,31544
32647,31543
32839,31625
32327,31815
32071,31494
32455,31658
32807,31215
32935,31562
32487,31109
32743,31908
32535,30823
32919,31895
32663,30880
32823,31889
32567,30762
32951,31955
32439,31191
32695,31370
32887,31072
32631,30843
32503,31656
32247,30872
32759,30842
32783,30833
32399,31388
32655,31624
32463,31438
32207,31576
32719,31783
32815,31716
32047,30707
32943,31640
32431,30746
32687,30797
32879,31747
32751,30845
32799,31731
32543,30745
32927,31892
32863,31322
32351,31757
32607,31495
32479,31151
32735,31786
32831,31489
32319,31914
31935,31066
32447,31179
32703,31373
32639,31739
32255,30911
32767,31869
