plant,time point,dividing parent cell,parent neighbor,mapped daughter,label
P1,0,700,353,4999,1
P1,0,700,428,5256,0
P1,0,700,538,5093,0
P1,0,700,560,4946,0
P1,0,700,687,5231,2
P1,0,700,709,5257,1
P1,0,700,717,5128,2
P1,0,580,439,5133,1
P1,0,580,442,5276,2
P1,0,580,449,4948,2
P1,0,580,602,5025,0
P1,0,580,717,5128,1
P1,0,580,740,4952,0
P1,0,580,753,5306,0
P1,0,390,610,5181,0
P1,0,390,653,5008,2
P1,0,390,693,5020,0
P1,0,390,747,5234,0
P1,0,390,753,5306,2
P1,0,390,754,5171,1
P1,0,390,767,5236,1
P1,0,384,484,5226,2
P1,0,384,592,5159,2
P1,0,384,615,5188,1
P1,0,384,630,5210,0
P1,0,384,745,5303,0
P1,0,384,751,5026,1
P1,0,369,436,5269,1
P1,0,369,461,5028,0
P1,0,369,587,5150,0
P1,0,369,600,5167,2
P1,0,369,726,5283,2
P1,0,369,738,5288,1
P1,0,369,746,5296,0
P1,0,352,353,4999,0
P1,0,352,525,5224,2
P1,0,352,540,4994,0
P1,0,352,551,5250,2
P1,0,352,557,5117,0
P1,0,623,472,5078,0
P1,0,623,476,5094,2
P1,0,623,755,5308,0
P1,0,678,410,5071,1
P1,0,678,532,4988,2
P1,0,678,542,5097,0
P1,0,678,671,5227,2
P1,0,678,694,5104,0
P1,0,678,695,5106,0
P1,0,657,456,5030,0
P1,0,657,626,5180,2
P1,0,657,652,5051,2
P1,0,622,401,5112,1
P1,0,622,472,5078,1
P1,0,622,595,5298,2
P1,0,622,741,5293,0
P1,0,622,754,5171,0
P1,0,622,755,5308,1
P1,0,622,767,5236,2
P1,0,449,439,5133,1
P1,0,449,576,5134,1
P1,0,449,580,5136,2
P1,0,449,741,5293,1
P1,0,449,753,5306,0
P1,0,449,754,5171,2
P1,0,767,390,5200,2
P1,0,767,401,5112,1
P1,0,767,622,4964,2
P1,0,767,653,5008,1
P1,0,767,754,5171,0
P1,0,552,397,5116,2
P1,0,552,539,5272,0
P1,0,552,568,5039,0
P1,0,419,430,5262,0
P1,0,419,535,5222,2
P1,0,419,542,5097,1
P1,0,419,553,5245,2
P1,0,419,665,4981,1
P1,0,419,671,5227,1
P1,0,419,697,5107,0
P1,0,693,372,4979,1
P1,0,693,390,5200,0
P1,0,693,413,5280,2
P1,0,693,653,5008,0
P1,0,693,696,5021,2
P1,0,693,728,4978,1
P1,0,693,747,5234,0
P1,0,626,387,5098,2
P1,0,626,421,5233,0
P1,0,626,456,5030,0
P1,0,626,573,5087,0
P1,0,626,657,5060,2
P1,0,626,670,5079,1
P1,0,755,452,5146,1
P1,0,755,472,5078,2
P1,0,755,595,5298,2
P1,0,755,622,4964,0
P1,0,755,623,4984,1
P1,0,540,352,5240,1
P1,0,540,353,4999,2
P1,0,540,519,5219,2
P1,0,540,525,5224,1
P1,0,540,674,5081,0
P1,0,540,687,5231,0
P1,0,471,340,5249,0
P1,0,471,467,5216,0
P1,0,471,502,5247,0
P1,0,471,602,5025,1
P1,0,471,610,5181,1
P1,0,471,747,5234,2
P1,0,471,758,5032,2
P1,0,721,445,5281,2
P1,0,721,694,5104,1
P1,0,721,715,5122,2
P1,0,721,725,5273,0
P1,0,595,366,5137,2
P1,0,595,452,5146,1
P1,0,595,577,5139,1
P1,0,595,622,4964,0
P1,0,595,741,5293,0
P1,0,595,755,5308,2
P1,0,747,340,5249,0
P1,0,747,390,5200,1
P1,0,747,413,5280,2
P1,0,747,471,5218,0
P1,0,747,610,5181,2
P1,0,747,693,5020,1
P1,0,728,372,4979,1
P1,0,728,413,5280,0
P1,0,728,605,5061,2
P1,0,728,620,4954,1
P1,0,728,690,5279,0
P1,0,728,693,5020,2
P1,0,452,440,5006,1
P1,0,452,577,5139,2
P1,0,452,595,5298,0
P1,0,452,755,5308,0
P1,0,620,372,4979,1
P1,0,620,518,5056,2
P1,0,620,521,5207,1
P1,0,620,555,5258,1
P1,0,620,605,5061,0
P1,0,620,606,5096,1
P1,0,620,728,4978,2
P1,0,414,443,5101,0
P1,0,414,444,5003,0
P1,0,414,536,5176,2
P1,0,414,670,5079,0
P1,0,414,750,4992,0
P1,0,535,419,5228,2
P1,0,535,512,5074,1
P1,0,535,523,5083,2
P1,0,535,659,5214,1
P1,0,535,665,4981,1
P1,0,535,679,5235,0
P1,0,535,697,5107,0
P1,0,576,366,5137,1
P1,0,576,439,5133,0
P1,0,576,449,4948,0
P1,0,576,557,5117,1
P1,0,576,709,5257,2
P1,0,576,741,5293,2
P1,0,672,407,5203,1
P1,0,672,514,5076,2
P1,0,672,517,5211,1
P1,0,672,538,5093,2
P1,0,672,680,5229,0
P1,0,672,698,5246,0
P1,0,366,557,5117,1
P1,0,366,576,5134,2
P1,0,366,577,5139,2
P1,0,366,595,5298,0
P1,0,366,720,5264,1
P1,0,366,741,5293,0
P1,0,421,420,5141,2
P1,0,421,456,5030,1
P1,0,421,507,5241,0
P1,0,421,573,5087,2
P1,0,421,626,5180,1
P1,0,421,632,5174,0
P1,0,605,422,5045,1
P1,0,605,518,5056,1
P1,0,605,559,5156,0
P1,0,605,589,5204,0
P1,0,605,619,5129,2
P1,0,605,620,4954,1
P1,0,605,690,5279,0
P1,0,605,728,4978,2
P1,0,557,352,5240,1
P1,0,557,353,4999,2
P1,0,557,366,5137,0
P1,0,557,551,5250,1
P1,0,557,576,5134,0
P1,0,557,709,5257,0
P1,0,557,720,5264,2
P1,0,566,446,5142,0
P1,0,566,567,5261,2
P1,0,566,695,5106,1
P1,0,566,715,5122,1
P1,0,566,725,5273,2
P1,0,566,730,5017,0
P1,0,448,438,5132,1
P1,0,448,441,5274,2
P1,0,448,442,5276,1
P1,0,448,447,5290,0
P1,0,448,462,5024,0
P1,0,448,716,5127,1
P1,0,448,740,4952,2
P1,0,517,407,5203,1
P1,0,517,538,5093,2
P1,0,517,672,5230,1
P1,0,517,674,5081,0
P1,0,517,687,5231,0
P1,1,5099,5003,5665,2
P1,1,5099,5045,5729,0
P1,1,5099,5101,5784,1
P1,1,5099,5129,5709,0
P1,1,5099,5182,5723,1
P1,1,5099,5244,5760,1
P1,1,5099,5287,5725,2
P1,1,5198,5019,5764,2
P1,1,5198,5053,5789,2
P1,1,5198,5119,5574,1
P1,1,5198,5153,5541,0
P1,1,5198,5232,5823,1
P1,1,5198,5275,5532,0
P1,1,5031,5009,5568,2
P1,1,5031,5023,5791,0
P1,1,5031,5176,5624,1
P1,1,5306,4953,5819,2
P1,1,5306,5025,5824,0
P1,1,5306,5092,5794,1
P1,1,5306,5151,5684,0
P1,1,5306,5171,5827,1
P1,1,5306,5181,5839,2
P1,1,5306,5200,5846,1
P1,1,5241,5016,5862,0
P1,1,5241,5087,5652,1
P1,1,5241,5115,5864,2
P1,1,5241,5174,5588,1
P1,1,5241,5233,5817,1
P1,1,5241,5244,5760,0
P1,1,5241,5292,5594,2
P1,1,5204,5061,5814,1
P1,1,5204,5090,5683,0
P1,1,5204,5129,5709,2
P1,1,5204,5156,5498,1
P1,1,5204,5172,5778,2
P1,1,5204,5287,5725,0
P1,1,5229,5083,5612,1
P1,1,5229,5108,5753,2
P1,1,5229,5230,5617,2
P1,1,5229,5235,5628,1
P1,1,5229,5246,5765,0
P1,1,5114,5005,5645,2
P1,1,5114,5107,5761,2
P1,1,5114,5108,5753,1
P1,1,5114,5235,5628,1
P1,1,5114,5262,5641,0
P1,1,5114,5270,5655,0
P1,1,5083,4939,5622,1
P1,1,5083,5229,5492,0
P1,1,5083,5235,5628,2
P1,1,5275,5053,5789,1
P1,1,5275,5085,5849,0
P1,1,5275,5100,5699,0
P1,1,5275,5126,5830,2
P1,1,5275,5152,5745,2
P1,1,5275,5153,5541,1
P1,1,5275,5198,5776,1
P1,1,5226,5116,5705,1
P1,1,5226,5188,5715,1
P1,1,5226,5190,5580,2
P1,1,5226,5192,5836,0
P1,1,5226,5210,5724,0
P1,1,5226,5259,5650,0
P1,1,5226,5272,5613,2
P1,1,5226,5286,5529,0
P1,1,5257,4999,5758,2
P1,1,5257,5011,5672,1
P1,1,5257,5117,5649,1
P1,1,5257,5128,5660,0
P1,1,5257,5133,5783,2
P1,1,5257,5134,5793,1
P1,1,5257,5248,5636,0
P1,1,5021,4979,5690,0
P1,1,5021,5008,5829,2
P1,1,5021,5020,5779,0
P1,1,5021,5112,5531,1
P1,1,5021,5177,5780,2
P1,1,5021,5265,5543,0
P1,1,5276,4946,5777,1
P1,1,5276,4952,5511,0
P1,1,5276,5128,5660,1
P1,1,5276,5132,5659,2
P1,1,5276,5135,5797,0
P1,1,5276,5136,5671,1
P1,1,5276,5151,5684,2
P1,1,5127,5005,5645,2
P1,1,5127,5108,5753,1
P1,1,5127,5132,5659,2
P1,1,5127,5135,5797,0
P1,1,5127,5246,5765,1
P1,1,5127,5274,5564,0
P1,1,4999,4994,5746,1
P1,1,4999,5117,5649,1
P1,1,4999,5231,5623,0
P1,1,4999,5237,5618,2
P1,1,4999,5248,5636,0
P1,1,4999,5257,5554,2
P1,1,5213,5048,5838,0
P1,1,5213,5072,5593,2
P1,1,5213,5126,5830,1
P1,1,5213,5196,5519,0
P1,1,5213,5215,5850,0
P1,1,5213,5263,5845,2
P1,1,5117,4999,5758,0
P1,1,5117,5134,5793,2
P1,1,5117,5137,5678,1
P1,1,5117,5257,5554,0
P1,1,5117,5264,5661,1
P1,1,5262,4997,5626,1
P1,1,5262,5107,5761,2
P1,1,5262,5114,5644,0
P1,1,5262,5245,5497,1
P1,1,5262,5261,5653,1
P1,1,5262,5269,5788,2
P1,1,5262,5270,5655,0
P1,1,5262,5283,5668,0
P1,1,5108,5005,5645,0
P1,1,5108,5114,5644,0
P1,1,5108,5127,5646,0
P1,1,5108,5229,5492,1
P1,1,5108,5235,5628,2
P1,1,5108,5246,5765,2
P1,1,5246,5093,5535,1
P1,1,5246,5108,5753,2
P1,1,5246,5127,5646,0
P1,1,5246,5132,5659,0
P1,1,5246,5229,5492,1
P1,1,5246,5230,5617,1
P1,1,5246,5256,5772,2
P1,2,5724,5572,6074,1
P1,2,5724,5581,6081,2
P1,2,5724,5650,6145,2
P1,2,5724,5710,6123,1
P1,2,5724,5836,6080,1
P1,2,5724,5842,6112,0
P1,2,5791,5568,5918,0
P1,2,5791,5721,5984,2
P1,2,5791,5768,6029,0
P1,2,5721,5576,6202,0
P1,2,5721,5729,5982,0
P1,2,5721,5768,6029,0
P1,2,5721,5791,6048,2
P1,2,5721,5840,5963,2
P1,2,5721,5841,6208,1
P1,2,5842,5495,6162,1
P1,2,5842,5581,6081,0
P1,2,5842,5650,6145,1
P1,2,5842,5677,6136,2
P1,2,5842,5706,6089,0
P1,2,5842,5724,5920,2
P1,2,5842,5726,6114,0
P1,2,5529,5549,6174,0
P1,2,5529,5650,6145,2
P1,2,5529,5710,6123,1
P1,2,5529,5785,5956,2
P1,2,5645,5564,6014,0
P1,2,5645,5644,5883,1
P1,2,5645,5646,6010,0
P1,2,5645,5655,6008,2
P1,2,5645,5762,5997,1
P1,2,5645,5771,6001,2
P1,2,5690,5545,6168,1
P1,2,5690,5779,5946,1
P1,2,5690,5816,6173,2
P1,2,5690,5841,6208,0
P1,2,5545,5543,6134,0
P1,2,5545,5690,5960,1
P1,2,5545,5779,5946,2
P1,2,5665,5568,5918,1
P1,2,5665,5603,6118,1
P1,2,5665,5648,6009,0
P1,2,5665,5713,5981,0
P1,2,5665,5729,5982,0
P1,2,5665,5768,6029,2
P1,2,5665,5784,6044,2
P1,2,5499,5537,5903,1
P1,2,5499,5647,5922,1
P1,2,5499,5693,6204,0
P1,2,5499,5719,5973,0
P1,2,5499,5756,6006,2
P1,2,5499,5757,6051,2
P1,2,5709,5576,6202,1
P1,2,5709,5685,5954,0
P1,2,5709,5713,5981,0
P1,2,5709,5725,5968,0
P1,2,5709,5729,5982,2
P1,2,5709,5812,6180,2
P1,2,5709,5814,6172,1
P1,2,5655,5564,6014,0
P1,2,5655,5644,5883,1
P1,2,5655,5645,6000,2
P1,2,5655,5668,6020,2
P1,2,5655,5808,5901,0
P1,2,5599,5524,6146,1
P1,2,5599,5603,6118,0
P1,2,5599,5782,6073,0
P1,2,5599,5834,6102,2
P1,2,5668,5563,6033,2
P1,2,5668,5655,6008,2
P1,2,5668,5691,6053,0
P1,2,5668,5781,6013,1
P1,2,5668,5788,6019,1
P1,2,5668,5808,5901,0
P1,2,5822,5563,6033,1
P1,2,5822,5572,6074,1
P1,2,5822,5581,6081,2
P1,2,5822,5691,6053,2
P1,2,5822,5706,6089,0
P1,2,5822,5807,6042,1
P1,2,5822,5837,6076,0
P1,2,5822,5848,6082,0
P1,2,5614,5543,6134,0
P1,2,5614,5663,5924,2
P1,2,5614,5754,6139,0
P1,2,5614,5794,6100,2
P1,2,5614,5839,6060,1
P1,2,5794,5543,6134,1
P1,2,5794,5614,6116,2
P1,2,5794,5704,6064,0
P1,2,5794,5839,6060,0
P1,2,5839,5614,6116,1
P1,2,5839,5663,5924,1
P1,2,5839,5704,6064,2
P1,2,5839,5794,6100,1
P1,2,5839,5824,6049,0
P1,2,5839,5825,6050,0
P1,2,5839,5844,6085,2
P1,2,5804,5523,6131,2
P1,2,5804,5537,5903,2
P1,2,5804,5556,6070,0
P1,2,5804,5647,5922,1
P1,2,5804,5703,5929,0
P1,2,5784,5603,6118,1
P1,2,5784,5648,6009,0
P1,2,5784,5665,5912,2
P1,2,5784,5760,5891,0
P1,2,5784,5782,6073,2
P1,2,5848,5706,6089,1
P1,2,5848,5726,6114,2
P1,2,5848,5822,6052,1
P1,2,5848,5837,6076,2
P1,2,5848,5849,6107,0
P1,2,5647,5499,6040,2
P1,2,5647,5537,5903,0
P1,2,5647,5757,6051,1
P1,2,5647,5804,5916,0
P1,2,5850,5519,6084,1
P1,2,5850,5727,6097,2
P1,2,5850,5737,6121,2
P1,2,5850,5751,6138,0
P1,2,5850,5843,5915,1
P1,2,5850,5845,6132,0
P1,2,5576,5673,6167,1
P1,2,5576,5709,6200,0
P1,2,5576,5721,5984,2
P1,2,5576,5729,5982,0
P1,2,5576,5814,6172,2
P1,2,5576,5816,6173,1
P1,2,5576,5840,5963,1
P1,2,5779,5543,6134,2
P1,2,5779,5545,6168,1
P1,2,5779,5673,6167,0
P1,2,5779,5690,5960,1
P1,2,5779,5754,6139,0
P1,2,5779,5816,6173,2
P1,2,5572,5581,6081,0
P1,2,5572,5675,5894,1
P1,2,5572,5724,5920,0
P1,2,5572,5807,6042,2
P1,2,5572,5822,6052,0
P1,2,5572,5836,6080,2
P1,2,5659,5646,6010,2
P1,2,5659,5670,6217,0
P1,2,5659,5771,6001,1
P1,2,5659,5797,5889,0
P1,2,5659,5799,6023,0
P1,2,5778,5498,5938,1
P1,2,5778,5683,6193,0
P1,2,5778,5685,5954,2
P1,2,5778,5751,6138,2
P1,2,5778,5764,6137,0
P1,2,5778,5812,6180,1
P1,2,5543,5545,6168,1
P1,2,5543,5614,6116,0
P1,2,5543,5754,6139,0
P1,2,5543,5779,5946,2
P1,2,5543,5794,6100,2
P1,2,5575,5511,6039,1
P1,2,5575,5519,6084,0
P1,2,5575,5579,6057,2
P1,2,5575,5682,6037,1
P1,2,5575,5810,6036,1
P1,2,5575,5833,5910,2
P1,2,5575,5843,5915,0
P1,2,5564,5645,6000,1
P1,2,5564,5646,6010,1
P1,2,5564,5655,6008,2
P1,2,5564,5682,6037,0
P1,2,5564,5797,5889,2
P1,2,5564,5808,5901,0
P1,2,5564,5810,6036,0
P1,2,5501,5560,6175,1
P1,2,5501,5789,6178,0
P1,2,5764,5541,5937,0
P1,2,5764,5683,6193,1
P1,2,5764,5751,6138,2
P1,2,5764,5776,6164,2
P1,2,5764,5778,6166,1
P1,2,5764,5790,5953,1
P1,2,5764,5823,6192,1
P1,2,5764,5845,6132,0
P1,2,5641,5781,6013,2
P1,2,5641,5788,6019,0
P1,2,5808,5564,6014,1
P1,2,5808,5579,6057,0
P1,2,5808,5655,6008,1
P1,2,5808,5668,6020,1
P1,2,5808,5691,6053,1
P1,2,5808,5701,6055,2
P1,2,5808,5810,6036,2
P1,2,5816,5576,6202,0
P1,2,5816,5673,6167,2
P1,2,5816,5690,5960,2
P1,2,5816,5779,5946,1
P1,2,5816,5840,5963,0
P1,2,5816,5841,6208,0
P1,2,5757,5499,6040,2
P1,2,5757,5647,5922,1
P1,2,5757,5693,6204,0
P1,2,5757,5832,5869,0
P1,3,6153,5947,6383,1
P1,3,6153,6128,6252,1
P1,3,6153,6130,6384,2
P1,3,6153,6155,6401,0
P1,3,6153,6177,6274,2
P1,3,6153,6178,6282,0
P1,3,6006,5903,6238,2
P1,3,6006,5973,6273,2
P1,3,6006,5975,6435,0
P1,3,6006,6206,6276,0
P1,3,6084,5907,6254,1
P1,3,6084,5915,6266,1
P1,3,6084,6057,6337,1
P1,3,6084,6077,6354,2
P1,3,6084,6090,6387,2
P1,3,6084,6097,6386,0
P1,3,6172,5936,6296,2
P1,3,6172,5938,6364,0
P1,3,6172,5959,6377,1
P1,3,6172,6180,6408,0
P1,3,6172,6201,6332,0
P1,3,6172,6202,6265,2
P1,3,6121,5915,6266,1
P1,3,6121,5923,6417,1
P1,3,6121,5936,6296,2
P1,3,6121,5938,6364,0
P1,3,6121,6090,6387,2
P1,3,6121,6109,6416,0
P1,3,6121,6115,6244,1
P1,3,6121,6138,6444,0
P1,3,6162,6125,6321,1
P1,3,6162,6136,6340,2
P1,3,6162,6145,6470,1
P1,3,6162,6147,6359,0
P1,3,6162,6174,6358,2
P1,3,6162,6175,6373,0
P1,3,6162,6190,6380,0
P1,3,6059,5884,6334,0
P1,3,6059,5898,6278,2
P1,3,6059,5929,6422,1
P1,3,6059,6024,6330,0
P1,3,6059,6070,6356,2
P1,3,6059,6102,6241,1
P1,3,5936,5938,6364,2
P1,3,5936,6115,6244,2
P1,3,5936,6121,6448,0
P1,3,5936,6139,6270,1
P1,3,5936,6172,6480,1
P1,3,6195,5884,6334,0
P1,3,6195,5947,6383,1
P1,3,6195,5975,6435,2
P1,3,6195,5993,6248,0
P1,3,6195,6175,6373,1
P1,3,6195,6177,6274,1
P1,3,6195,6198,6437,2
P1,3,6195,6206,6276,1
P1,3,5916,5903,6238,2
P1,3,5916,5929,6422,0
P1,3,5916,6070,6356,0
P1,3,5968,5954,6267,1
P1,3,5968,5978,6379,0
P1,3,5968,5981,6326,1
P1,3,5968,6009,6323,2
P1,3,5968,6192,6338,0
P1,3,5968,6193,6363,2
P1,3,5968,6200,6433,1
P1,3,6206,5973,6273,1
P1,3,6206,5975,6435,2
P1,3,6206,6006,6432,1
P1,3,6206,6175,6373,0
P1,3,6206,6190,6380,2
P1,3,6206,6195,6456,0
P1,3,6136,6112,6314,1
P1,3,6136,6114,6322,2
P1,3,6136,6125,6321,1
P1,3,6136,6147,6359,0
P1,3,6136,6162,6256,2
P1,3,6089,5909,6298,1
P1,3,6089,6082,6466,1
P1,3,6089,6112,6314,0
P1,3,6089,6114,6322,2
P1,3,6115,5923,6417,2
P1,3,6115,5924,6450,1
P1,3,6115,5936,6296,0
P1,3,6115,6121,6448,0
P1,3,6115,6139,6270,2
P1,3,6070,5903,6238,0
P1,3,6070,5916,6264,2
P1,3,6070,5929,6422,1
P1,3,6070,6024,6330,0
P1,3,6070,6059,6376,2
P1,3,6076,5909,6298,1
P1,3,6076,5921,6333,0
P1,3,6076,6055,6236,2
P1,3,6076,6077,6354,0
P1,3,6076,6082,6466,2
P1,3,6076,6107,6361,0
P1,3,5910,5907,6254,1
P1,3,5910,5915,6266,2
P1,3,5910,5923,6417,0
P1,3,5910,6085,6406,0
P1,3,6138,5938,6364,1
P1,3,6138,6109,6416,2
P1,3,6138,6121,6448,1
P1,3,6138,6132,6414,0
P1,3,6138,6137,6428,0
P1,3,6138,6165,6293,0
P1,3,6138,6166,6317,2
P1,3,6138,6171,6242,0
P1,3,6128,5921,6333,1
P1,3,6128,6107,6361,2
P1,3,6128,6114,6322,1
P1,3,6128,6130,6384,0
P1,3,6128,6147,6359,2
P1,3,6128,6153,6400,0
P1,3,6190,5973,6273,1
P1,3,6190,6162,6256,2
P1,3,6190,6174,6358,1
P1,3,6190,6175,6373,0
P1,3,6190,6206,6276,2
P1,3,6055,6057,6337,0
P1,3,6055,6076,6324,2
P1,3,6055,6077,6354,0
P1,3,5938,5936,6296,2
P1,3,5938,6121,6448,0
P1,3,5938,6138,6444,0
P1,3,5938,6166,6317,0
P1,3,5938,6172,6480,1
P1,3,5938,6180,6408,2
P1,3,5932,5937,6427,0
P1,3,5932,6095,6362,1
P1,3,5932,6107,6361,1
P1,3,5932,6108,6269,2
P1,3,5932,6130,6384,2
P1,3,5932,6132,6414,0
P1,3,5932,6155,6401,0
P1,3,6082,5909,6298,1
P1,3,6082,5921,6333,0
P1,3,6082,6076,6324,0
P1,3,6082,6089,6308,1
P1,3,6082,6114,6322,2
P1,3,5982,5900,6412,0
P1,3,5982,5981,6326,0
P1,3,5982,6029,6419,2
P1,3,5982,6200,6433,0
P1,3,5982,6201,6332,2
P1,3,5982,6202,6265,1
P1,3,6077,6055,6236,1
P1,3,6077,6057,6337,2
P1,3,6077,6076,6324,1
P1,3,6077,6084,6368,0
P1,3,6077,6095,6362,0
P1,3,6077,6097,6386,0
P1,3,6077,6107,6361,2
P1,3,5924,5923,6417,0
P1,3,5924,6085,6406,2
P1,3,5924,6115,6244,2
P1,3,5924,6116,6346,1
P1,3,5924,6139,6270,1
P1,3,6114,5921,6333,1
P1,3,6114,6082,6466,1
P1,3,6114,6089,6308,2
P1,3,6114,6112,6314,0
P1,3,6114,6128,6252,2
P1,3,6114,6136,6340,0
P1,3,6114,6147,6359,0
P1,3,6118,5912,6459,1
P1,3,6118,6073,6275,0
P1,3,6118,6075,6407,2
P1,3,6118,6119,6360,1
P1,3,6118,6135,6352,0
P1,3,6097,6077,6354,1
P1,3,6097,6084,6368,2
P1,3,6097,6090,6387,0
P1,3,6097,6095,6362,1
P1,3,6097,6108,6269,2
P1,3,6097,6109,6416,0
P1,3,6097,6132,6414,0
P1,3,6178,5953,6288,0
P1,3,6178,5962,6240,0
P1,3,6178,6153,6400,1
P1,3,6178,6155,6401,1
P1,3,6178,6164,6442,2
P1,3,6178,6177,6274,1
P1,3,6178,6198,6437,2
P1,3,6116,5924,6450,0
P1,3,6116,6139,6270,0
P1,3,6024,5884,6334,2
P1,3,6024,5903,6238,1
P1,3,6024,5975,6435,2
P1,3,6024,6059,6376,1
P1,3,6024,6070,6356,1
P1,3,5915,5907,6254,1
P1,3,5915,5910,6388,2
P1,3,5915,5923,6417,0
P1,3,5915,6084,6368,1
P1,3,5915,6090,6387,2
P1,3,5915,6121,6448,0
P1,3,6085,5910,6388,1
P1,3,6085,5923,6417,2
P1,3,6085,5924,6450,0
P1,3,5898,5884,6334,0
P1,3,5898,5891,6231,2
P1,3,5898,5993,6248,0
P1,3,5898,6059,6376,2
P1,3,5898,6073,6275,1
P1,3,5898,6102,6241,1
P1,3,5929,5916,6264,1
P1,3,5929,6059,6376,0
P1,3,5929,6070,6356,2
P1,3,5929,6102,6241,0
P1,3,5929,6146,6513,1
P1,3,6174,6145,6470,1
P1,3,6174,6162,6256,2
P1,3,6174,6190,6380,0
P1,3,6132,5932,6402,0
P1,3,6132,5937,6427,0
P1,3,6132,6097,6386,1
P1,3,6132,6108,6269,2
P1,3,6132,6109,6416,1
P1,3,6132,6137,6428,2
P1,3,6132,6138,6444,1
P1,3,5903,5916,6264,2
P1,3,5903,5975,6435,0
P1,3,5903,6006,6432,2
P1,3,5903,6024,6330,0
P1,3,5903,6070,6356,0
P1,3,6139,5924,6450,1
P1,3,6139,5936,6296,0
P1,3,6139,6115,6244,2
P1,3,6139,6116,6346,1
P1,3,5973,6006,6432,2
P1,3,5973,6190,6380,0
P1,3,5973,6206,6276,0
P1,3,6057,5907,6254,2
P1,3,6057,6055,6236,0
P1,3,6057,6077,6354,0
P1,3,6057,6084,6368,0
P1,3,6102,5898,6278,0
P1,3,6102,5929,6422,2
P1,3,6102,6059,6376,0
P1,3,6102,6073,6275,2
P1,3,6102,6135,6352,1
P1,3,6102,6148,6454,1
P1,3,5923,5910,6388,1
P1,3,5923,5915,6266,1
P1,3,5923,5924,6450,0
P1,3,5923,6085,6406,2
P1,3,5923,6115,6244,0
P1,3,5923,6121,6448,2
P1,3,6125,6112,6314,2
P1,3,6125,6136,6340,0
P1,3,6125,6145,6470,2
P1,3,6125,6162,6256,0
P1,3,6107,5921,6333,2
P1,3,6107,5932,6402,0
P1,3,6107,6076,6324,1
P1,3,6107,6077,6354,1
P1,3,6107,6095,6362,2
P1,3,6107,6128,6252,0
P1,3,6107,6130,6384,0
P1,3,6198,5962,6240,0
P1,3,6198,5966,6250,2
P1,3,6198,5993,6248,1
P1,3,6198,6177,6274,2
P1,3,6198,6178,6282,0
P1,3,6198,6195,6456,1
P1,3,6175,5947,6383,2
P1,3,6175,6147,6359,1
P1,3,6175,6162,6256,1
P1,3,6175,6190,6380,2
P1,3,6175,6195,6456,0
P1,3,6175,6206,6276,0
P1,3,6073,5891,6231,0
P1,3,6073,5898,6278,0
P1,3,6073,6044,6261,0
P1,3,6073,6075,6407,2
P1,3,6073,6102,6241,2
P1,3,6073,6118,6258,1
P1,3,6073,6135,6352,1
P1,3,5975,5884,6334,0
P1,3,5975,5903,6238,1
P1,3,5975,6006,6432,1
P1,3,5975,6024,6330,2
P1,3,5975,6195,6456,0
P1,3,5975,6206,6276,2
P1,3,6029,5900,6412,0
P1,3,6029,5912,6459,0
P1,3,6029,5982,6418,2
P1,3,5912,5900,6412,2
P1,3,5912,6029,6419,1
P1,3,5912,6075,6407,0
P1,3,5912,6118,6258,0
P1,3,5891,5898,6278,2
P1,3,5891,5966,6250,0
P1,3,5891,5978,6379,2
P1,3,5891,5993,6248,0
P1,3,5891,6009,6323,1
P1,3,5891,6044,6261,1
P1,3,5891,6073,6275,1
P1,3,6147,5947,6383,0
P1,3,6147,6114,6322,1
P1,3,6147,6128,6252,2
P1,3,6147,6136,6340,1
P1,3,6147,6162,6256,1
P1,3,6147,6175,6373,2
P2,0,319,62,562,2
P2,0,319,335,580,0
P2,0,319,346,611,2
P2,0,182,34,509,0
P2,0,182,111,605,2
P2,0,182,249,692,1
P2,0,73,82,586,2
P2,0,73,325,766,1
P2,0,73,364,621,0
P2,0,73,383,640,0
P2,0,73,384,641,0
P2,0,3,7,504,1
P2,0,3,9,483,0
P2,0,3,78,516,0
P2,0,3,130,701,1
P2,0,3,143,653,2
P2,0,3,221,514,2
P2,0,240,45,500,0
P2,0,240,128,490,0
P2,0,240,215,602,2
P2,0,240,233,534,1
P2,0,240,408,763,2
P2,0,240,409,554,1
P2,0,94,95,466,2
P2,0,94,111,605,2
P2,0,94,249,692,1
P2,0,94,262,698,0
P2,0,94,264,659,0
P2,0,94,341,541,0
P2,0,236,33,734,2
P2,0,236,78,516,2
P2,0,236,103,633,1
P2,0,236,112,652,1
P2,0,236,135,568,0
P2,0,339,82,586,2
P2,0,339,106,620,0
P2,0,339,307,764,1
P2,0,339,325,766,1
P2,0,339,348,600,1
P2,0,339,350,619,2
P2,0,415,86,758,0
P2,0,415,105,666,2
P2,0,415,242,553,0
P2,0,415,361,636,1
P2,0,415,377,505,1
P2,0,415,396,521,1
P2,0,415,416,694,0
P2,0,415,430,540,2
P2,0,334,39,691,2
P2,0,334,60,765,1
P2,0,334,107,647,2
P2,0,334,196,686,1
P2,0,334,296,769,0
P2,0,334,363,599,0
P2,0,334,407,650,0
P2,0,337,91,634,2
P2,0,337,302,660,1
P2,0,337,323,478,2
P2,0,337,336,614,1
P2,0,337,361,636,0
P2,0,337,377,505,0
P2,0,348,80,489,0
P2,0,348,306,674,1
P2,0,348,307,764,1
P2,0,348,324,469,2
P2,0,348,339,584,1
P2,0,348,350,619,2
P2,0,348,379,637,0
P2,0,348,381,638,0
P2,0,135,4,778,0
P2,0,135,9,483,2
P2,0,135,33,734,2
P2,0,135,78,516,1
P2,0,135,147,625,0
P2,0,135,236,776,1
P2,0,359,99,684,1
P2,0,359,103,633,2
P2,0,359,335,580,0
P2,0,359,346,611,2
P2,0,359,413,708,1
P2,0,78,3,592,0
P2,0,78,9,483,0
P2,0,78,103,633,1
P2,0,78,135,568,0
P2,0,78,221,514,2
P2,0,78,236,776,2
P2,0,78,413,708,1
P2,0,335,62,562,1
P2,0,335,319,544,1
P2,0,335,336,614,2
P2,0,335,346,611,1
P2,0,335,359,632,2
P2,0,413,78,516,0
P2,0,413,99,684,2
P2,0,413,103,633,0
P2,0,413,221,514,2
P2,0,413,359,632,0
P2,0,413,412,728,1
P2,0,302,47,768,2
P2,0,302,62,562,1
P2,0,302,274,563,1
P2,0,302,275,785,0
P2,0,302,305,670,0
P2,0,302,323,478,0
P2,0,302,336,614,2
P2,0,302,337,488,0
P2,0,11,27,598,0
P2,0,11,42,658,2
P2,0,11,155,527,2
P2,0,11,260,657,1
P2,0,11,313,572,0
P2,0,11,429,486,1
P2,0,249,94,560,2
P2,0,249,95,466,1
P2,0,249,111,605,0
P2,0,249,182,608,0
P2,0,45,65,700,1
P2,0,45,95,466,1
P2,0,45,128,490,0
P2,0,45,215,602,1
P2,0,45,240,720,2
P2,0,45,264,659,2
P2,0,204,136,582,2
P2,0,204,220,716,0
P2,0,204,363,599,0
P2,0,204,366,491,0
P2,0,204,407,650,2
P2,0,112,33,734,0
P2,0,112,91,634,1
P2,0,112,103,633,2
P2,0,112,104,664,2
P2,0,112,236,776,0
P2,0,112,336,614,1
P2,0,99,346,611,0
P2,0,99,359,632,0
P2,0,99,375,661,1
P2,0,99,412,728,1
P2,0,99,413,708,2
P2,0,106,13,715,0
P2,0,106,82,586,1
P2,0,106,162,695,0
P2,0,106,339,584,1
P2,0,106,350,619,1
P2,0,106,383,640,2
P2,0,106,398,654,2
P2,0,229,34,509,2
P2,0,229,74,777,0
P2,0,229,220,716,1
P2,0,229,260,657,0
P2,0,229,338,773,0
P2,0,229,366,491,2
P2,0,361,71,581,2
P2,0,361,105,666,0
P2,0,361,323,478,1
P2,0,361,337,488,1
P2,0,361,362,617,0
P2,0,361,377,505,2
P2,0,361,415,712,0
P2,0,221,3,592,2
P2,0,221,78,516,0
P2,0,221,130,701,1
P2,0,221,412,728,1
P2,0,221,413,708,2
P2,0,277,40,756,2
P2,0,277,63,786,0
P2,0,277,279,523,2
P2,0,277,306,674,0
P2,0,63,40,756,1
P2,0,63,71,581,0
P2,0,63,80,489,0
P2,0,63,259,790,1
P2,0,63,275,785,1
P2,0,63,277,770,2
P2,0,63,305,670,2
P2,0,63,306,674,0
P2,0,63,323,478,0
P2,0,63,324,469,0
P2,0,42,11,596,2
P2,0,42,27,598,0
P2,0,42,74,777,1
P2,0,42,260,657,1
P2,0,42,341,541,2
P2,0,95,45,500,0
P2,0,95,65,700,2
P2,0,95,94,560,2
P2,0,95,249,692,1
P2,0,95,264,659,0
P2,0,149,4,778,2
P2,0,149,86,758,0
P2,0,149,147,625,1
P2,0,149,202,656,2
P2,0,149,257,524,1
P2,0,149,429,486,0
P2,0,4,33,734,2
P2,0,4,86,758,0
P2,0,4,135,568,1
P2,0,4,147,625,1
P2,0,4,149,626,2
P2,0,4,430,540,0
P2,0,407,107,647,1
P2,0,407,204,780,2
P2,0,407,334,744,2
P2,0,407,363,599,0
P2,0,409,162,695,1
P2,0,409,233,534,2
P2,0,409,240,720,0
P2,0,409,283,531,1
P2,0,409,408,763,2
P2,0,409,418,671,1
P2,0,409,419,673,1
P2,0,128,27,598,2
P2,0,128,45,500,1
P2,0,128,180,564,0
P2,0,128,240,720,2
P2,0,128,264,659,1
P2,0,128,394,761,0
P2,0,128,408,763,0
P2,0,215,45,500,0
P2,0,215,65,700,2
P2,0,215,233,534,1
P2,0,215,240,720,2
P2,0,336,62,562,1
P2,0,336,91,634,0
P2,0,336,112,652,0
P2,0,336,302,660,1
P2,0,336,335,580,2
P2,0,336,337,488,2
P2,0,429,11,596,2
P2,0,429,86,758,2
P2,0,429,149,626,1
P2,0,429,155,527,0
P2,0,429,202,656,1
P2,0,429,260,657,1
P2,0,233,215,602,0
P2,0,233,240,720,0
P2,0,233,283,531,1
P2,0,233,409,554,2
P2,0,259,40,756,2
P2,0,259,63,786,0
P2,0,259,258,753,2
P2,0,259,275,785,0
P2,0,27,11,596,0
P2,0,27,42,658,0
P2,0,27,128,490,1
P2,0,27,180,564,1
P2,0,27,262,698,2
P2,0,27,264,659,1
P2,0,27,313,572,2
P2,0,27,341,541,0
P2,0,86,4,778,1
P2,0,86,149,626,2
P2,0,86,155,527,0
P2,0,86,242,553,2
P2,0,86,415,712,1
P2,0,86,429,486,0
P2,0,86,430,540,1
P2,0,398,6,714,2
P2,0,398,13,715,1
P2,0,398,106,620,1
P2,0,398,350,619,1
P2,0,398,381,638,2
P2,0,398,417,668,0
P2,0,398,431,713,0
P2,0,33,4,778,2
P2,0,33,104,664,2
P2,0,33,112,652,1
P2,0,33,135,568,1
P2,0,33,236,776,1
P2,0,33,396,521,0
P2,0,33,430,540,0
P2,0,323,63,786,0
P2,0,323,71,581,0
P2,0,323,302,660,1
P2,0,323,305,670,2
P2,0,323,337,488,2
P2,0,323,361,636,0
P2,0,296,39,691,2
P2,0,296,72,772,0
P2,0,296,147,625,0
P2,0,296,257,524,0
P2,0,296,334,744,1
P2,0,296,363,599,2
P2,0,260,11,596,0
P2,0,260,42,658,2
P2,0,260,74,777,1
P2,0,260,202,656,0
P2,0,260,229,492,1
P2,0,260,338,773,2
P2,0,260,429,486,0
P2,0,147,4,778,1
P2,0,147,9,483,1
P2,0,147,39,691,2
P2,0,147,135,568,1
P2,0,147,149,626,2
P2,0,147,257,524,0
P2,0,147,296,769,0
P2,0,396,33,734,1
P2,0,396,91,634,1
P2,0,396,104,664,1
P2,0,396,377,505,2
P2,0,396,415,712,0
P2,0,396,430,540,2
P2,0,103,78,516,2
P2,0,103,112,652,0
P2,0,103,236,776,0
P2,0,103,359,632,1
P2,0,103,413,708,1
P2,0,364,73,480,1
P2,0,364,384,641,2
P2,0,364,419,673,0
P2,0,346,99,684,2
P2,0,346,319,544,0
P2,0,346,335,580,0
P2,0,346,359,632,0
P2,0,9,3,592,1
P2,0,9,39,691,0
P2,0,9,78,516,1
P2,0,9,135,568,2
P2,0,9,143,653,1
P2,0,9,147,625,0
P2,0,9,196,686,2
P2,0,279,277,770,2
P2,0,279,288,573,2
P2,0,279,306,674,0
P2,0,279,307,764,0
P2,1,489,469,601,1
P2,1,489,581,639,1
P2,1,489,600,626,2
P2,1,489,617,662,2
P2,1,489,637,664,0
P2,1,489,759,492,1
P2,1,564,572,461,0
P2,1,564,598,686,2
P2,1,564,709,687,1
P2,1,564,714,667,1
P2,1,564,741,513,2
P2,1,564,761,675,1
P2,1,564,783,531,0
P2,1,664,559,504,0
P2,1,664,634,712,1
P2,1,664,652,742,1
P2,1,664,687,669,2
P2,1,664,710,594,2
P2,1,664,734,561,0
P2,1,524,626,688,0
P2,1,524,655,618,0
P2,1,524,656,691,2
P2,1,524,731,624,2
P2,1,524,772,627,1
P2,1,524,773,562,1
P2,1,634,488,508,0
P2,1,634,505,698,0
P2,1,634,597,680,2
P2,1,634,614,711,1
P2,1,634,652,742,1
P2,1,634,664,528,2
P2,1,634,687,669,0
P2,1,637,489,640,1
P2,1,637,600,626,1
P2,1,637,617,662,1
P2,1,637,638,629,2
P2,1,637,666,684,2
P2,1,637,668,665,0
P2,1,637,694,700,0
P2,1,605,509,710,2
P2,1,605,541,668,0
P2,1,605,560,607,0
P2,1,605,692,726,2
P2,1,605,777,696,0
P2,1,659,490,706,0
P2,1,659,500,547,2
P2,1,659,560,607,1
P2,1,659,561,468,1
P2,1,659,598,686,0
P2,1,659,635,721,1
P2,1,659,698,541,2
P2,1,691,623,549,1
P2,1,691,625,574,2
P2,1,691,655,618,0
P2,1,691,731,624,0
P2,1,691,769,465,0
P2,1,674,469,601,2
P2,1,674,470,602,0
P2,1,674,759,492,1
P2,1,674,764,483,0
P2,1,633,519,590,1
P2,1,633,595,518,1
P2,1,633,614,711,2
P2,1,633,652,742,0
P2,1,633,685,593,2
P2,1,759,469,601,2
P2,1,759,478,638,1
P2,1,759,489,640,0
P2,1,759,581,639,2
P2,1,759,670,623,1
P2,1,759,674,484,1
P2,1,759,786,592,1
P2,1,541,560,607,2
P2,1,541,605,728,1
P2,1,541,631,464,0
P2,1,541,658,571,0
P2,1,541,697,631,0
P2,1,541,698,541,0
P2,1,541,777,696,2
P2,1,491,492,567,0
P2,1,491,599,489,1
P2,1,491,718,630,0
P2,1,491,772,627,1
P2,1,491,773,562,2
P2,1,710,559,504,0
P2,1,710,652,742,2
P2,1,710,664,528,0
P2,1,710,685,593,1
P2,1,710,732,653,2
P2,1,773,491,514,1
P2,1,773,492,567,1
P2,1,773,524,656,0
P2,1,773,656,691,0
P2,1,773,657,663,0
P2,1,773,735,634,2
P2,1,773,772,627,2
P2,1,527,471,568,1
P2,1,527,553,523,2
P2,1,527,572,461,0
P2,1,527,596,539,2
P2,1,527,629,600,1
P2,1,527,736,701,0
P2,1,527,779,536,1
P2,1,527,783,531,0
P2,1,505,488,508,1
P2,1,505,521,637,2
P2,1,505,615,672,2
P2,1,505,634,712,1
P2,1,505,636,674,0
P2,1,505,665,522,0
P2,1,505,687,669,1
P2,1,509,492,567,0
P2,1,509,605,728,2
P2,1,509,718,630,2
P2,1,509,777,696,0
P2,1,692,560,607,2
P2,1,692,561,468,1
P2,1,692,605,728,0
P2,1,718,491,514,1
P2,1,718,492,567,2
P2,1,718,509,710,0
P2,1,763,575,677,2
P2,1,763,695,734,2
P2,1,763,709,687,0
P2,1,763,715,644,0
P2,1,763,761,675,0
P2,1,619,470,602,0
P2,1,619,584,596,2
P2,1,619,600,626,0
P2,1,619,601,490,1
P2,1,619,620,604,1
P2,1,619,638,629,0
P2,1,619,654,498,2
P2,1,764,470,602,0
P2,1,764,584,596,2
P2,1,764,674,484,0
P2,1,772,491,514,0
P2,1,772,524,656,2
P2,1,772,599,489,2
P2,1,772,731,624,1
P2,1,772,773,562,0
P2,2,629,498,1217,1
P2,2,629,617,1248,1
P2,2,629,626,1295,1
P2,2,629,642,1343,2
P2,2,629,643,1075,2
P2,2,629,664,1345,0
P2,2,629,665,1332,0
P2,2,649,508,1164,1
P2,2,649,638,1184,2
P2,2,638,508,1164,0
P2,2,638,639,1102,2
P2,2,638,649,1344,2
P2,2,638,672,1010,0
P2,2,602,601,1276,1
P2,2,602,617,1248,0
P2,2,602,626,1295,2
P2,2,534,457,1282,0
P2,2,534,496,1357,1
P2,2,534,509,1270,2
P2,2,534,523,1222,0
P2,2,534,536,1235,2
P2,2,534,597,1353,1
P2,2,662,625,1096,1
P2,2,662,639,1102,1
P2,2,662,640,1326,2
P2,2,662,642,1343,0
P2,2,662,674,1194,2
P2,2,662,684,1216,0
P2,2,691,496,1357,0
P2,2,691,497,1238,0
P2,2,691,663,1204,2
P2,2,691,688,1185,2
P2,2,686,461,1278,0
P2,2,686,464,1298,2
P2,2,686,532,1429,0
P2,2,686,541,1349,1
P2,2,686,687,1301,2
P2,2,686,704,1300,0
P2,2,686,706,1268,1
P2,2,686,708,1315,1
P2,2,675,644,1054,1
P2,2,675,667,1250,2
P2,2,675,687,1301,2
P2,2,675,704,1300,0
P2,2,508,638,1184,2
P2,2,508,649,1344,1
P2,2,508,672,1010,0
P2,2,508,698,1166,0
P2,2,508,712,1422,2
P2,2,601,602,1232,2
P2,2,601,615,1089,2
P2,2,601,625,1096,0
P2,2,601,626,1295,0
P2,2,464,461,1278,0
P2,2,464,539,1354,0
P2,2,464,541,1349,1
P2,2,464,571,1009,2
P2,2,464,603,1117,1
P2,2,464,686,1336,2
P2,2,523,457,1282,2
P2,2,523,525,1048,0
P2,2,523,534,1200,1
P2,2,523,536,1235,1
P2,2,523,538,1431,2
P2,2,523,700,1135,0
P2,2,523,701,1255,0
P2,2,497,496,1357,0
P2,2,497,536,1235,0
P2,2,497,568,1173,2
P2,2,497,600,1141,1
P2,2,497,663,1204,1
P2,2,497,691,1432,2
P2,2,509,457,1282,0
P2,2,509,522,1191,0
P2,2,509,534,1200,0
P2,2,509,561,1423,1
P2,2,509,597,1353,2
P2,2,509,637,1196,2
P2,2,509,669,1070,1
P2,2,492,601,1276,1
P2,2,492,615,1089,2
P2,2,492,638,1184,0
P2,2,492,639,1102,0
P2,2,639,615,1089,1
P2,2,639,625,1096,2
P2,2,639,638,1184,2
P2,2,639,662,1032,0
P2,2,639,672,1010,0
P2,2,639,674,1194,0
P2,2,669,509,1270,0
P2,2,669,528,1394,2
P2,2,669,561,1423,0
P2,2,669,637,1196,2
P2,2,669,657,1305,1
P2,2,669,698,1166,1
P2,2,669,712,1422,1
P2,2,644,498,1217,2
P2,2,644,667,1250,0
P2,2,644,675,1284,2
P2,2,461,464,1298,1
P2,2,461,525,1048,0
P2,2,461,531,1103,0
P2,2,461,532,1429,2
P2,2,461,539,1354,2
P2,2,461,686,1336,1
P2,2,498,493,1418,2
P2,2,498,617,1248,0
P2,2,498,629,1280,0
P2,2,498,643,1075,0
P2,2,498,644,1054,2
P2,2,498,667,1250,0
P2,2,597,496,1357,0
P2,2,597,509,1270,2
P2,2,597,534,1200,0
P2,2,597,561,1423,1
P2,2,597,658,1150,2
P2,2,541,464,1298,0
P2,2,541,603,1117,2
P2,2,541,686,1336,0
P2,2,541,708,1315,2
P2,2,687,675,1284,2
P2,2,687,686,1336,0
P2,2,687,704,1300,0
P2,2,687,706,1268,2
P2,2,496,497,1238,2
P2,2,496,534,1200,1
P2,2,496,536,1235,1
P2,2,496,597,1353,1
P2,2,496,658,1150,1
P2,2,496,688,1185,2
P2,2,496,691,1432,0
P2,3,1117,1009,1588,0
P2,3,1117,1302,1642,0
P2,3,1117,1349,1494,2
P2,3,1135,1216,1450,2
P2,3,1135,1222,1585,1
P2,3,1135,1255,1466,2
P2,3,1135,1282,1606,1
P2,3,1135,1308,1664,0
P2,3,1135,1332,1657,0
P2,3,1135,1345,1826,0
P2,3,1196,1018,1496,2
P2,3,1196,1070,1653,1
P2,3,1196,1166,1516,1
P2,3,1196,1191,1629,0
P2,3,1196,1198,1699,0
P2,3,1196,1270,1682,2
P2,3,1196,1307,1499,1
P2,3,1268,1301,1493,0
P2,3,1268,1430,1513,0
P2,3,1295,1078,1519,1
P2,3,1295,1096,1533,1
P2,3,1295,1265,1704,0
P2,3,1295,1326,1536,2
P2,3,1295,1343,1649,0
P2,3,1216,1033,1610,1
P2,3,1216,1135,1540,0
P2,3,1216,1191,1629,2
P2,3,1216,1194,1582,1
P2,3,1216,1282,1606,0
P2,3,1216,1343,1649,2
P2,3,1216,1345,1826,0
P2,3,1310,1103,1633,0
P2,3,1310,1250,1521,1
P2,3,1310,1300,1557,2
P2,3,1310,1308,1664,2
P2,3,1310,1429,1556,0
P2,3,1250,1054,1692,1
P2,3,1250,1063,1715,1
P2,3,1250,1075,1712,2
P2,3,1250,1284,1590,2
P2,3,1250,1300,1557,0
P2,3,1250,1308,1664,0
P2,3,1250,1310,1498,0
P2,3,1204,1141,1489,0
P2,3,1204,1203,1544,0
P2,3,1204,1432,1743,2
P2,3,1235,1118,1631,0
P2,3,1235,1173,1659,2
P2,3,1235,1200,1685,2
P2,3,1235,1234,1602,1
P2,3,1235,1238,1634,1
P2,3,1235,1357,1522,1
P2,3,1235,1431,1607,0
P5,0,108,93,835,0
P5,0,108,103,847,2
P5,0,108,410,866,0
P5,0,108,438,646,1
P5,0,108,439,907,2
P5,0,108,466,949,1
P5,0,522,140,966,2
P5,0,522,150,652,1
P5,0,522,197,769,1
P5,0,522,198,717,2
P5,0,522,464,935,0
P5,0,522,484,948,0
P5,0,151,3,771,0
P5,0,151,164,772,0
P5,0,151,198,717,2
P5,0,151,466,949,2
P5,0,151,484,948,1
P5,0,151,525,718,0
P5,0,369,95,840,0
P5,0,369,344,598,2
P5,0,369,384,839,0
P5,0,462,25,998,1
P5,0,462,38,999,1
P5,0,462,152,752,2
P5,0,462,249,1002,2
P5,0,462,250,886,0
P5,0,462,471,596,0
P5,0,95,116,900,2
P5,0,95,369,608,1
P5,0,95,384,839,2
P5,0,95,427,888,0
P5,0,468,115,648,1
P5,0,468,439,907,1
P5,0,468,440,908,1
P5,0,468,470,928,1
P5,0,468,485,950,2
P5,0,468,486,968,2
P5,0,468,527,585,0
P5,0,468,539,724,0
P5,0,444,116,900,2
P5,0,444,144,972,0
P5,0,444,474,940,2
P5,0,444,491,939,0
P5,0,427,95,840,1
P5,0,427,110,642,1
P5,0,427,116,900,2
P5,0,427,122,654,2
P5,0,427,137,930,0
P5,0,427,384,839,1
P5,0,427,399,868,1
P5,0,116,95,840,2
P5,0,116,137,930,0
P5,0,116,427,888,0
P5,0,116,444,632,2
P5,0,116,491,939,0
P5,0,380,93,835,1
P5,0,380,104,885,0
P5,0,380,363,809,1
P5,0,380,364,810,2
P5,0,380,381,612,0
P5,0,380,410,866,2
P5,0,381,104,885,2
P5,0,381,340,764,2
P5,0,381,364,810,1
P5,0,381,366,1006,0
P5,0,381,380,836,1
P5,0,381,412,629,0
P5,0,399,110,642,0
P5,0,399,366,1006,2
P5,0,399,367,1004,1
P5,0,399,384,839,1
P5,0,399,412,629,0
P5,0,399,427,888,2
P5,0,471,9,783,1
P5,0,471,152,752,0
P5,0,471,153,591,2
P5,0,471,217,616,2
P5,0,471,250,886,0
P5,0,471,462,736,0
P5,0,471,530,674,1
P5,0,539,4,600,1
P5,0,539,224,996,1
P5,0,539,418,595,1
P5,0,539,468,952,0
P5,0,539,485,950,0
P5,0,539,525,718,2
P5,0,539,527,585,2
P5,0,474,144,972,0
P5,0,474,444,632,2
P5,0,474,532,801,0
P5,0,428,345,912,0
P5,0,428,347,914,2
P5,0,428,349,916,1
P5,0,428,391,970,0
P5,0,428,430,790,1
P5,0,428,458,723,2
P5,0,428,503,622,1
P5,0,428,540,865,1
P5,0,340,75,765,1
P5,0,340,294,733,1
P5,0,340,364,810,2
P5,0,340,366,1006,2
P5,0,340,381,612,0
P5,0,501,117,961,1
P5,0,501,123,710,0
P5,0,501,390,729,0
P5,0,501,458,723,2
P5,0,501,465,911,1
P5,0,501,503,622,1
P5,0,501,538,618,2
P5,0,137,116,900,1
P5,0,137,122,654,2
P5,0,137,427,888,1
P5,0,137,473,938,0
P5,0,137,491,939,2
P5,0,137,530,674,0
P5,0,137,541,789,0
P5,0,538,26,957,1
P5,0,538,117,961,1
P5,0,538,123,710,2
P5,0,538,408,902,2
P5,0,538,424,694,0
P5,0,538,494,788,0
P5,0,538,501,802,1
P5,0,438,103,847,1
P5,0,438,108,896,2
P5,0,438,425,628,1
P5,0,438,453,934,1
P5,0,438,464,935,2
P5,0,438,466,949,0
P5,0,438,484,948,0
P5,0,408,26,957,2
P5,0,408,210,945,2
P5,0,408,494,788,0
P5,0,408,538,618,0
P5,0,453,139,965,1
P5,0,453,140,966,1
P5,0,453,425,628,0
P5,0,453,438,646,0
P5,0,453,464,935,2
P5,0,25,23,997,1
P5,0,25,38,999,2
P5,0,25,224,996,1
P5,0,25,249,1002,2
P5,0,25,295,1000,1
P5,0,25,339,1001,1
P5,0,25,462,736,0
P5,0,366,75,765,1
P5,0,366,340,764,1
P5,0,366,341,1005,1
P5,0,366,367,1004,2
P5,0,366,381,612,2
P5,0,366,399,868,0
P5,0,366,412,629,0
P5,0,2,150,652,2
P5,0,2,197,769,0
P5,0,2,208,837,2
P5,0,197,2,766,1
P5,0,197,3,771,0
P5,0,197,150,652,1
P5,0,197,198,717,0
P5,0,197,208,837,2
P5,0,197,522,704,2
P5,0,532,50,678,0
P5,0,532,52,743,0
P5,0,532,144,972,0
P5,0,532,266,565,2
P5,0,532,474,940,2
P5,0,252,9,783,0
P5,0,252,30,606,1
P5,0,252,178,786,2
P5,0,252,217,616,0
P5,0,252,296,909,0
P5,0,252,345,912,2
P5,0,252,347,914,1
P5,0,210,89,898,2
P5,0,210,408,902,2
P5,0,210,493,785,0
P5,0,210,494,788,0
P5,0,48,3,771,1
P5,0,48,164,772,2
P5,0,48,284,870,1
P5,0,48,290,903,0
P5,0,48,382,745,1
P5,0,48,383,667,2
P5,0,382,48,873,0
P5,0,382,148,613,1
P5,0,382,284,870,0
P5,0,382,329,666,0
P5,0,382,383,667,2
P5,0,382,454,676,1
P5,0,390,123,710,1
P5,0,390,296,909,0
P5,0,390,339,1001,0
P5,0,390,388,967,2
P5,0,390,391,970,2
P5,0,390,458,723,1
P5,0,390,501,802,1
P5,0,208,2,766,2
P5,0,208,3,771,0
P5,0,208,197,769,0
P5,0,208,284,870,2
P5,0,208,329,666,1
P5,0,139,140,966,0
P5,0,139,150,652,2
P5,0,139,453,934,2
P5,0,541,9,783,2
P5,0,541,50,678,1
P5,0,541,137,930,0
P5,0,541,144,972,1
P5,0,541,178,786,1
P5,0,541,491,939,2
P5,0,541,530,674,0
P5,0,466,108,896,1
P5,0,466,151,672,0
P5,0,466,438,646,1
P5,0,466,439,907,1
P5,0,466,484,948,2
P5,0,466,485,950,2
P5,0,466,525,718,0
P5,0,104,115,648,0
P5,0,104,380,836,2
P5,0,104,381,612,0
P5,0,104,410,866,1
P5,0,104,412,629,0
P5,0,104,439,907,1
P5,0,104,440,908,2
P5,0,198,3,771,0
P5,0,198,151,672,2
P5,0,198,197,769,2
P5,0,198,484,948,1
P5,0,198,522,704,1
P5,0,3,48,873,2
P5,0,3,151,672,0
P5,0,3,164,772,0
P5,0,3,197,769,1
P5,0,3,198,717,2
P5,0,3,208,837,1
P5,0,3,284,870,1
P5,1,694,617,902,1
P5,1,694,681,1025,2
P5,1,694,710,931,2
P5,1,694,788,413,1
P5,1,694,936,923,0
P5,1,694,967,490,0
P5,1,865,622,1020,2
P5,1,865,732,792,1
P5,1,600,595,916,2
P5,1,600,727,817,0
P5,1,600,772,695,1
P5,1,600,903,752,1
P5,1,600,905,978,1
P5,1,600,996,698,0
P5,1,600,997,869,2
P5,1,972,678,919,0
P5,1,972,789,918,0
P5,1,972,801,843,2
P5,1,972,913,479,1
P5,1,972,939,873,2
P5,1,723,622,1020,1
P5,1,723,729,778,0
P5,1,723,732,792,1
P5,1,723,802,510,0
P5,1,723,857,874,2
P5,1,723,970,1018,2
P5,1,723,973,992,1
P5,1,732,622,1020,1
P5,1,732,723,712,1
P5,1,732,914,884,0
P5,1,732,916,888,0
P5,1,732,973,992,2
P5,1,606,743,900,0
P5,1,606,786,970,0
P5,1,606,851,702,0
P5,1,606,914,884,2
P5,1,606,916,888,1
P5,1,916,606,920,0
P5,1,916,732,792,1
P5,1,916,914,884,2
P5,1,907,866,588,2
P5,1,907,882,909,1
P5,1,907,883,727,0
P5,1,907,896,639,1
P5,1,907,908,692,0
P5,1,907,925,750,1
P5,1,907,927,948,0
P5,1,907,950,643,2
P5,1,718,595,916,0
P5,1,718,660,974,2
P5,1,718,724,694,2
P5,1,718,727,817,0
P5,1,718,772,695,0
P5,1,718,949,809,1
P5,1,718,950,643,1
P5,1,914,606,920,1
P5,1,914,732,792,0
P5,1,914,851,702,1
P5,1,914,912,773,2
P5,1,914,916,888,2
P5,1,914,973,992,0
P5,1,854,606,920,0
P5,1,854,916,888,2
P5,1,839,840,761,1
P5,1,839,850,853,0
P5,1,839,852,803,2
P5,1,839,888,836,0
P5,1,839,1004,818,2
P5,1,866,836,1001,2
P5,1,866,882,909,2
P5,1,866,883,727,0
P5,1,866,907,932,0
P5,1,911,622,1020,2
P5,1,911,857,874,0
P5,1,794,606,920,0
P5,1,794,743,900,0
P5,1,785,676,574,2
P5,1,785,681,1025,0
P5,1,785,788,413,2
P5,1,785,872,845,0
P5,1,785,901,962,1
P5,1,1004,839,780,1
P5,1,1004,850,853,2
P5,1,1004,1003,870,0
P5,1,659,916,888,2
P5,1,999,585,646,1
P5,1,999,589,878,1
P5,1,999,736,991,2
P5,1,999,752,927,1
P5,1,999,814,655,0
P5,1,999,982,829,1
P5,1,999,996,698,2
P5,1,999,998,468,0
P5,1,967,669,708,1
P5,1,967,694,1024,2
P5,1,967,710,931,1
P5,1,967,729,778,1
P5,1,967,936,923,0
P5,1,967,1000,825,0
P5,1,967,1001,771,2
P5,1,565,743,900,0
P5,1,565,801,843,0
P5,1,676,667,492,0
P5,1,676,785,1026,1
P5,1,676,872,845,2
P5,1,681,694,1024,2
P5,1,681,785,1026,1
P5,1,681,788,413,1
P5,1,681,872,845,1
P5,1,681,905,978,0
P5,1,681,932,775,2
P5,1,681,936,923,0
P5,1,938,642,914,0
P5,1,938,653,979,0
P5,1,938,654,516,2
P5,1,938,670,982,2
P5,1,938,674,967,1
P5,1,938,954,1005,0
P5,1,938,955,892,1
P5,1,790,732,792,0
P5,1,790,916,888,0
P5,1,939,775,1016,0
P5,1,939,789,918,0
P5,1,939,900,488,1
P5,1,939,913,479,1
P5,1,939,930,872,2
P5,1,939,955,892,0
P5,1,939,972,840,2
P5,1,629,612,936,1
P5,1,629,642,914,2
P5,1,629,648,558,0
P5,1,629,653,979,0
P5,1,629,868,891,1
P5,1,629,885,1002,2
P5,1,629,1003,870,1
P5,1,788,617,902,0
P5,1,788,681,1025,0
P5,1,788,694,1024,0
P5,1,788,785,1026,2
P5,1,788,901,962,1
P5,1,788,902,623,2
P5,1,950,718,484,0
P5,1,950,724,694,0
P5,1,950,907,932,1
P5,1,950,925,750,1
P5,1,950,927,948,2
P5,1,950,949,809,2
P5,1,950,952,580,0
P5,2,695,544,1140,0
P5,2,695,594,1287,0
P5,2,695,752,1185,0
P5,2,695,863,1052,1
P5,2,695,916,1054,2
P5,2,927,589,1244,1
P5,2,927,740,1049,1
P5,2,927,878,1202,2
P5,2,927,982,1232,0
P5,2,927,983,1138,2
P5,2,927,991,1067,1
P5,2,927,1017,1100,1
P5,2,757,400,1127,0
P5,2,757,567,1155,1
P5,2,757,848,1246,2
P5,2,757,859,1204,1
P5,2,757,985,1102,2
P5,2,757,1017,1100,0
P5,2,479,488,1303,0
P5,2,479,837,1279,0
P5,2,479,840,1223,0
P5,2,967,848,1246,1
P5,2,967,892,1171,0
P5,2,967,941,1217,0
P5,2,967,982,1232,0
P5,2,967,983,1138,2
P5,2,967,984,1079,1
P5,2,967,1016,1344,2
P5,2,1018,708,1273,0
P5,2,1018,712,1153,1
P5,2,1018,773,1211,2
P5,2,1018,778,1082,2
P5,2,1018,985,1102,0
P5,2,1018,992,1218,1
P5,2,1018,1019,1196,1
P5,2,900,843,1224,0
P5,2,900,857,1085,2
P5,2,900,901,1198,1
P5,2,900,919,1281,2
P5,2,900,920,1283,1
P5,2,900,970,1305,1
P5,2,914,516,1149,2
P5,2,914,836,1342,1
P5,2,914,891,1130,1
P5,2,914,939,1064,1
P5,2,914,961,1135,0
P5,2,914,979,1139,2
P5,2,914,1037,1164,1
P5,2,845,729,1059,2
P5,2,845,775,1072,0
P5,2,845,1025,1180,0
P5,2,869,468,1282,2
P5,2,869,508,1051,2
P5,2,869,544,1140,1
P5,2,869,698,1318,0
P5,2,869,825,1284,1
P5,2,869,923,1117,1
P5,2,869,978,1157,1
P5,2,698,468,1282,0
P5,2,698,508,1051,1
P5,2,698,589,1244,0
P5,2,698,646,1348,2
P5,2,698,650,1098,0
P5,2,698,817,1048,1
P5,2,698,869,1350,2
P5,2,1002,558,1096,0
P5,2,1002,692,1309,0
P5,2,1002,727,1341,2
P5,2,1002,939,1064,0
P5,2,1002,1037,1164,2
P5,2,771,400,1127,2
P5,2,771,468,1282,0
P5,2,771,490,1181,1
P5,2,771,705,1177,0
P5,2,771,708,1273,1
P5,2,771,825,1284,0
P5,2,771,871,1214,2
P5,2,771,985,1102,1
P5,2,985,400,1127,0
P5,2,985,708,1273,2
P5,2,985,757,1256,2
P5,2,985,771,1142,0
P5,2,985,773,1211,1
P5,2,985,859,1204,1
P5,2,985,1018,1276,1
P5,2,836,488,1303,1
P5,2,836,516,1149,0
P5,2,836,854,1343,2
P5,2,836,891,1130,2
P5,2,836,914,1354,0
P5,2,752,544,1140,0
P5,2,752,594,1287,2
P5,2,752,695,1280,0
P5,2,752,775,1072,2
P5,2,752,978,1157,0
P5,2,516,836,1342,1
P5,2,516,854,1343,2
P5,2,516,872,1065,0
P5,2,516,892,1171,0
P5,2,516,914,1354,1
P5,2,516,941,1217,0
P5,2,516,961,1135,2
P5,2,979,558,1096,1
P5,2,979,755,1240,2
P5,2,979,914,1354,2
P5,2,979,939,1064,1
P5,2,979,961,1135,0
P5,2,979,1005,1170,0
P5,2,773,702,1118,2
P5,2,773,859,1204,0
P5,2,773,884,1325,1
P5,2,773,985,1102,0
P5,2,773,986,1306,1
P5,2,773,992,1218,1
P5,2,773,1018,1276,2
P5,2,488,836,1342,1
P5,2,488,837,1279,0
P5,2,488,854,1343,2
P5,2,488,872,1065,0
P5,3,1345,1079,1492,2
P5,3,1345,1155,1378,0
P5,3,1345,1204,1493,0
P5,3,1345,1281,1417,1
P5,3,1345,1323,1361,1
P5,3,1184,1082,1420,0
P5,3,1184,1181,1384,0
P5,3,1184,1286,1506,0
P5,3,1184,1322,1532,0
P5,3,1117,1055,1427,0
P5,3,1117,1131,1601,1
P5,3,1117,1157,1391,2
P5,3,1117,1214,1364,2
P5,3,1117,1284,1482,0
P5,3,1117,1286,1506,1
P5,3,1170,1135,1559,1
P5,3,1170,1139,1615,1
P5,3,1170,1202,1575,0
P5,3,1170,1232,1409,2
P5,3,1170,1240,1440,2
P5,3,1170,1242,1442,0
P5,3,1232,1135,1559,2
P5,3,1232,1138,1537,1
P5,3,1232,1170,1430,0
P5,3,1232,1202,1575,0
P5,3,1232,1217,1392,1
P5,3,1232,1315,1595,2
P5,3,1232,1332,1507,1
P5,3,1321,1065,1456,0
P5,3,1321,1171,1480,0
P5,3,1321,1265,1549,1
P5,3,1321,1279,1547,2
P5,3,1321,1323,1361,2
P5,3,1321,1344,1481,0
P5,3,1323,1079,1492,0
P5,3,1323,1265,1549,1
P5,3,1323,1281,1417,2
P5,3,1323,1321,1441,1
P5,3,1323,1344,1481,2
P5,3,1323,1345,1444,0
P5,3,1281,1265,1549,1
P5,3,1281,1323,1361,2
P5,3,1281,1345,1444,0
P5,3,1344,1079,1492,0
P5,3,1344,1171,1480,1
P5,3,1344,1321,1441,1
P5,3,1344,1323,1361,2
P5,3,1344,1332,1507,2
P5,3,1344,1334,1508,0
P5,3,1072,1131,1601,0
P5,3,1072,1157,1391,0
P5,3,1072,1161,1600,2
P5,3,1072,1180,1626,2
P5,3,1072,1185,1401,0
P5,3,1204,1063,1494,2
P5,3,1204,1155,1378,2
P5,3,1204,1256,1523,0
P5,3,1204,1271,1539,0
P5,3,1204,1345,1444,1
P5,3,1326,1096,1369,0
P5,3,1326,1112,1488,1
P5,3,1326,1124,1596,2
P5,3,1326,1240,1440,0
P5,3,1326,1293,1529,1
P5,3,1326,1309,1395,2
P5,3,1326,1310,1497,0
P5,3,1309,1096,1369,0
P5,3,1309,1238,1469,0
P5,3,1309,1326,1525,2
P5,3,1279,1065,1456,0
P5,3,1279,1265,1549,1
P5,3,1279,1321,1441,2
P6,0,1056,849,1258,1
P6,0,1056,868,1482,1
P6,0,1056,1015,1439,1
P6,0,1056,1028,1264,1
P6,0,1056,1041,1473,2
P6,0,1056,1072,1498,2
P6,0,1056,1073,1515,0
P6,0,1114,863,1361,1
P6,0,1114,890,1444,0
P6,0,1114,937,1536,1
P6,0,1114,1043,1342,2
P6,0,1114,1146,1505,1
P6,0,1114,1188,1539,2
P6,0,1115,886,1526,2
P6,0,1115,1085,1512,1
P6,0,1115,1119,1295,0
P6,0,1115,1145,1302,1
P6,0,1115,1147,1567,2
P6,0,1192,914,1516,2
P6,0,1192,928,1307,1
P6,0,1192,930,1578,1
P6,0,1192,991,1580,1
P6,0,1192,1123,1408,0
P6,0,1192,1157,1411,2
P6,0,1068,862,1469,2
P6,0,1068,884,1519,2
P6,0,1068,1083,1509,0
P6,0,1068,1112,1292,0
P6,0,805,806,1410,2
P6,0,805,813,1641,1
P6,0,805,820,1337,2
P6,0,805,855,1655,0
P6,0,805,1202,1610,1
P6,0,931,932,1618,2
P6,0,931,943,1362,0
P6,0,931,945,1330,0
P6,0,931,979,1290,0
P6,0,931,1019,1647,2
P6,0,931,1162,1592,1
P6,0,931,1164,1593,1
P6,0,931,1195,1312,1
P6,0,1189,813,1641,2
P6,0,1189,942,1326,0
P6,0,1189,1150,1571,0
P6,0,1189,1151,1573,2
P6,0,1189,1152,1585,1
P6,0,1189,1187,1607,0
P6,0,1189,1202,1610,1
P6,0,1021,820,1337,1
P6,0,1021,855,1655,1
P6,0,1021,869,1383,1
P6,0,1021,879,1418,0
P6,0,1021,958,1677,2
P6,0,1021,986,1397,0
P6,0,1021,1091,1380,2
P6,0,1021,1128,1454,1
P6,0,1085,868,1482,2
P6,0,1085,886,1526,0
P6,0,1085,1071,1496,1
P6,0,1085,1072,1498,0
P6,0,1085,1100,1524,2
P6,0,1085,1115,1552,0
P6,0,1121,914,1516,1
P6,0,1121,1045,1345,0
P6,0,1121,1047,1561,0
P6,0,1121,1118,1445,2
P6,0,1121,1123,1408,2
P6,0,1121,1190,1513,1
P6,0,1162,894,1564,1
P6,0,1162,931,1648,0
P6,0,1162,1113,1534,1
P6,0,1162,1133,1549,2
P6,0,1162,1164,1593,0
P6,0,1162,1180,1591,1
P6,0,1162,1195,1312,2
P6,0,832,939,1241,2
P6,0,832,1008,1341,0
P6,0,832,1078,1432,0
P6,0,832,1201,1657,1
P6,0,991,930,1578,1
P6,0,991,934,1309,1
P6,0,991,993,1321,1
P6,0,991,1125,1273,0
P6,0,991,1157,1411,0
P6,0,991,1192,1296,2
P6,0,991,1196,1286,2
P6,0,894,884,1519,2
P6,0,894,908,1604,1
P6,0,894,1112,1292,0
P6,0,894,1113,1534,0
P6,0,894,1162,1592,0
P6,0,894,1180,1591,2
P6,0,806,805,1328,2
P6,0,806,855,1655,0
P6,0,1042,849,1258,1
P6,0,1042,857,1453,1
P6,0,1042,1041,1473,2
P6,0,1042,1059,1484,2
P6,0,1042,1074,1277,0
P6,0,1042,1087,1282,0
P6,0,1120,903,1303,0
P6,0,1120,1073,1515,1
P6,0,1120,1074,1277,1
P6,0,1120,1119,1295,2
P6,0,1120,1122,1541,2
P6,0,1120,1148,1568,0
P6,0,945,931,1648,1
P6,0,945,932,1618,1
P6,0,945,933,1605,1
P6,0,945,947,1671,2
P6,0,945,979,1290,2
P6,0,945,1045,1345,0
P6,0,945,1047,1561,0
P6,0,1131,860,1521,2
P6,0,1131,869,1383,0
P6,0,1131,1128,1454,0
P6,0,1099,1071,1496,0
P6,0,1099,1083,1509,1
P6,0,1099,1084,1276,2
P6,0,1099,1100,1524,0
P6,0,1099,1113,1534,1
P6,0,1099,1133,1549,1
P6,0,1099,1134,1298,2
P6,0,979,931,1648,1
P6,0,979,943,1362,2
P6,0,979,945,1330,2
P6,0,979,1043,1342,0
P6,0,979,1045,1345,0
P6,0,983,853,1306,1
P6,0,983,919,1659,2
P6,0,983,935,1636,0
P6,0,983,982,1590,2
P6,0,983,1048,1651,0
P6,0,983,1053,1373,1
P6,0,879,853,1306,0
P6,0,879,877,1376,0
P6,0,879,986,1397,0
P6,0,879,1021,1320,2
P6,0,879,1091,1380,1
P6,0,879,1125,1273,2
P6,0,879,1160,1486,1
P6,0,1202,805,1328,0
P6,0,1202,813,1641,0
P6,0,1202,1152,1585,2
P6,0,1202,1189,1608,0
P6,0,868,1027,1438,1
P6,0,868,1028,1264,2
P6,0,868,1040,1470,1
P6,0,868,1056,1472,0
P6,0,868,1071,1496,1
P6,0,868,1072,1498,0
P6,0,868,1085,1512,2
P6,0,930,928,1307,2
P6,0,930,991,1580,0
P6,0,930,993,1321,2
P6,0,930,1055,1660,1
P6,0,930,1124,1662,1
P6,0,930,1192,1296,0
P6,0,956,805,1328,0
P6,0,956,806,1410,0
P6,0,956,1202,1610,2
P6,0,853,819,1336,1
P6,0,853,877,1376,2
P6,0,853,879,1418,1
P6,0,853,919,1659,2
P6,0,853,983,1674,0
P6,0,853,986,1397,1
P6,0,853,1053,1373,0
P6,0,1196,934,1309,0
P6,0,1196,991,1580,0
P6,0,1196,1022,1582,2
P6,0,1196,1125,1273,2
P6,0,1196,1160,1486,1
P6,0,936,903,1303,0
P6,0,936,919,1659,1
P6,0,936,935,1636,2
P6,0,936,1065,1639,1
P6,0,936,1185,1598,0
P6,0,936,1200,1606,2
P6,0,1058,806,1410,1
P6,0,1058,855,1655,2
P6,0,1058,869,1383,0
P6,0,1058,1131,1458,0
P6,0,1145,1115,1552,0
P6,0,1145,1134,1298,1
P6,0,1145,1147,1567,0
P6,0,1145,1165,1594,2
P6,0,1145,1183,1596,0
P6,0,982,865,1348,1
P6,0,982,951,1334,0
P6,0,982,983,1674,2
P6,0,982,1017,1375,2
P6,0,982,1048,1651,0
P6,0,982,1053,1373,1
P6,0,1198,860,1521,2
P6,0,1198,1007,1614,1
P6,0,1198,1022,1582,1
P6,0,1198,1128,1454,0
P6,0,1198,1160,1486,2
P6,0,1000,847,1436,1
P6,0,1000,1015,1439,0
P6,0,1000,1027,1438,2
P6,0,1000,1028,1264,0
P6,0,1007,860,1521,0
P6,0,1007,871,1667,1
P6,0,1007,1004,1323,2
P6,0,1007,1022,1582,0
P6,0,1007,1198,1550,0
P6,0,1009,908,1604,1
P6,0,1009,925,1322,1
P6,0,1009,939,1241,2
P6,0,1009,941,1360,0
P6,0,1009,1019,1647,0
P6,0,1009,1180,1591,1
P6,0,1009,1195,1312,2
P6,0,1009,1201,1657,1
P6,0,1043,863,1361,1
P6,0,1043,890,1444,0
P6,0,1043,941,1360,1
P6,0,1043,943,1362,2
P6,0,1043,979,1290,0
P6,0,1043,1045,1345,0
P6,0,1043,1114,1440,2
P6,0,1124,930,1578,0
P6,0,1124,993,1321,0
P6,0,1124,1055,1660,2
P6,0,870,871,1667,2
P6,0,870,934,1309,0
P6,0,870,993,1321,2
P6,0,870,1004,1323,0
P6,0,870,1022,1582,0
P6,0,870,1130,1489,1
P6,0,1146,863,1361,0
P6,0,1146,937,1536,2
P6,0,1146,1008,1341,0
P6,0,1146,1078,1432,2
P6,0,1146,1114,1440,0
P6,0,1049,860,1521,2
P6,0,1049,1131,1458,0
P6,0,860,1007,1614,1
P6,0,860,1128,1454,0
P6,0,860,1131,1458,0
P6,0,860,1198,1550,2
P6,0,813,805,1328,1
P6,0,813,820,1337,2
P6,0,813,942,1326,0
P6,0,813,958,1677,0
P6,0,813,1189,1608,2
P6,0,813,1202,1610,1
P6,0,1026,847,1436,0
P6,0,1026,862,1469,1
P6,0,1026,867,1478,2
P6,0,1026,1040,1470,0
P6,0,1164,931,1648,0
P6,0,1164,932,1618,0
P6,0,1164,1133,1549,1
P6,0,1164,1134,1298,1
P6,0,1164,1162,1592,2
P6,0,1164,1165,1594,2
P6,0,1125,877,1376,2
P6,0,1125,879,1418,1
P6,0,1125,991,1580,0
P6,0,1125,1157,1411,0
P6,0,1125,1160,1486,1
P6,0,1125,1196,1286,2
P6,0,933,861,1634,0
P6,0,933,932,1618,2
P6,0,933,945,1330,0
P6,0,933,947,1671,0
P6,0,933,1165,1594,1
P6,0,933,1183,1596,2
P6,0,933,1199,1620,0
P6,0,1083,862,1469,1
P6,0,1083,867,1478,2
P6,0,1083,1068,1680,1
P6,0,1083,1084,1276,0
P6,0,1083,1099,1522,0
P6,0,1083,1112,1292,2
P6,0,1083,1113,1534,0
P6,0,1132,1131,1458,2
P6,0,958,813,1641,1
P6,0,958,820,1337,1
P6,0,958,942,1326,2
P6,0,958,986,1397,0
P6,0,958,1021,1320,2
P6,0,958,1079,1640,0
P6,0,862,867,1478,0
P6,0,862,1026,1433,2
P6,0,862,1068,1680,2
P6,0,862,1083,1509,0
P6,0,1188,804,1572,1
P6,0,1188,816,1511,2
P6,0,1188,890,1444,0
P6,0,1188,937,1536,1
P6,0,1188,1114,1440,2
P6,0,1157,865,1348,0
P6,0,1157,877,1376,0
P6,0,1157,991,1580,1
P6,0,1157,1053,1373,0
P6,0,1157,1123,1408,0
P6,0,1157,1125,1273,2
P6,0,1157,1192,1296,2
P6,1,1362,1290,1663,0
P6,1,1362,1342,1701,2
P6,1,1362,1343,1853,0
P6,1,1362,1647,1740,2
P6,1,1362,1648,1742,0
P6,1,1362,1669,1773,0
P6,1,1408,1348,1750,2
P6,1,1408,1368,1827,2
P6,1,1408,1411,1642,1
P6,1,1408,1447,1858,1
P6,1,1408,1480,1833,1
P6,1,1408,1516,1884,1
P6,1,1408,1561,1774,0
P6,1,1408,1576,1747,0
P6,3,2311,2025,2388,2
P6,3,2311,2094,2552,2
P6,3,2311,2101,2540,0
P6,3,2311,2111,2424,0
P6,3,2311,2112,2332,1
P6,3,2111,2025,2388,1
P6,3,2111,2063,2574,2
P6,3,2111,2075,2420,0
P6,3,2111,2101,2540,1
P6,3,2111,2158,2589,0
P6,3,2111,2189,2527,2
P6,3,2111,2311,2384,1
P6,3,2094,2101,2540,0
P6,3,2094,2250,2509,0
P6,3,2094,2311,2384,2
P6,3,2075,2099,2470,1
P6,3,2075,2100,2472,1
P6,3,2075,2111,2424,0
P6,3,2075,2158,2589,0
P6,3,2075,2189,2527,2
P6,3,2075,2205,2392,2
P6,3,2075,2267,2446,1
P6,3,2304,2108,2368,0
P6,3,2304,2115,2558,0
P6,3,2304,2131,2570,0
P6,3,2304,2269,2497,1
P6,3,2304,2287,2505,1
P6,3,2304,2292,2516,2
P6,3,2304,2306,2535,2
P6,3,2240,2086,2488,2
P6,3,2240,2214,2466,1
P6,3,2240,2250,2509,0
P6,3,2240,2274,2521,0
P6,3,2101,2063,2574,0
P6,3,2101,2094,2552,1
P6,3,2101,2111,2424,0
P6,3,2101,2250,2509,1
P6,3,2101,2274,2521,2
P6,3,2101,2294,2539,0
P6,3,2101,2311,2384,2
P6,3,2112,2025,2388,2
P6,3,2112,2191,2531,0
P6,3,2112,2311,2384,1
P6,3,2131,2115,2558,2
P6,3,2131,2170,2571,2
P6,3,2131,2179,2434,1
P6,3,2131,2182,2339,1
P6,3,2131,2304,2548,0
P6,3,2131,2306,2535,0
P6,3,2202,2201,2393,1
P6,3,2202,2205,2392,0
P6,3,2202,2262,2340,1
P6,3,2136,2082,2573,2
P6,3,2136,2109,2550,0
P6,3,2136,2157,2578,2
P6,3,2136,2176,2381,0
P6,3,2136,2201,2393,1
P6,3,2063,2101,2540,1
P6,3,2063,2111,2424,2
P6,3,2063,2158,2589,0
P6,3,2063,2183,2583,0
P6,3,2063,2294,2539,1
P6,3,2063,2309,2560,2
P6,3,2267,2075,2420,0
P6,3,2267,2100,2472,0
P6,3,2267,2189,2527,0
P6,3,2267,2191,2531,2
P6,3,2238,2078,2465,2
P6,3,2238,2200,2596,1
P6,3,2238,2212,2454,1
P6,3,2238,2247,2480,2
P6,3,2238,2248,2487,0
P6,3,2238,2257,2486,0
P6,3,2201,2082,2573,1
P6,3,2201,2092,2441,0
P6,3,2201,2136,2406,2
P6,3,2201,2182,2339,1
P6,3,2201,2202,2502,0
P6,3,2201,2259,2410,2
P6,3,2274,2086,2488,2
P6,3,2274,2101,2540,1
P6,3,2274,2240,2476,1
P6,3,2274,2250,2509,1
P6,3,2274,2271,2499,0
P6,3,2274,2294,2539,2
P6,3,2082,2109,2550,1
P6,3,2082,2136,2406,2
P6,3,2082,2170,2571,2
P6,3,2082,2182,2339,0
P6,3,2082,2201,2393,0
P6,3,2082,2321,2537,1
P6,3,2158,2063,2574,2
P6,3,2158,2075,2420,1
P6,3,2158,2111,2424,1
P6,3,2158,2157,2578,0
P6,3,2158,2183,2583,0
P6,3,2158,2205,2392,2
P6,3,2271,2086,2488,1
P6,3,2271,2088,2498,2
P6,3,2271,2239,2482,1
P6,3,2271,2274,2521,1
P6,3,2271,2293,2525,0
P6,3,2271,2294,2539,2
P6,3,2271,2308,2551,0
P6,3,2271,2309,2560,0
P6,3,2191,2025,2388,0
P6,3,2191,2112,2332,0
P6,3,2191,2189,2527,2
P6,3,2191,2267,2446,1
P8,0,3241,2861,3284,0
P8,0,3241,2869,3634,1
P8,0,3241,3011,3420,1
P8,0,3241,3044,3616,2
P8,0,3241,3051,3636,0
P8,0,3241,3053,3421,2
P8,0,3170,2937,3565,0
P8,0,3170,2942,3354,0
P8,0,3170,3142,3316,1
P8,0,3170,3152,3330,2
P8,0,3170,3181,3566,2
P8,0,2857,2858,3369,2
P8,0,2857,2881,3637,1
P8,0,2857,3137,3624,1
P8,0,2857,3141,3631,1
P8,0,2857,3211,3336,0
P8,0,2857,3248,3359,2
P8,0,2857,3252,3513,0
P8,0,3122,2920,3536,0
P8,0,3122,3123,3489,2
P8,0,3122,3142,3316,2
P8,0,2933,2862,3630,0
P8,0,2933,3005,3528,1
P8,0,2933,3006,3544,2
P8,0,2933,3007,3628,1
P8,0,2933,3227,3585,1
P8,0,2933,3247,3614,2
P8,0,3137,2857,3360,2
P8,0,3137,2881,3637,1
P8,0,3137,2982,3596,2
P8,0,3137,3141,3631,0
P8,0,3137,3192,3470,1
P8,0,3137,3197,3480,0
P8,0,3197,2982,3596,1
P8,0,3197,3017,3602,1
P8,0,3197,3025,3335,2
P8,0,3197,3080,3644,0
P8,0,3197,3137,3624,1
P8,0,3197,3141,3631,2
P8,0,3197,3201,3487,0
P8,0,3068,2881,3637,0
P8,0,3068,2922,3635,0
P8,0,3068,2999,3633,2
P8,0,3068,3192,3470,2
P8,0,2960,2957,3652,1
P8,0,2960,2989,3659,2
P8,0,2960,2990,3660,1
P8,0,2960,3074,3638,0
P8,0,2960,3213,3591,0
P8,0,2960,3214,3348,2
P8,0,2960,3237,3608,1
P8,0,3138,2896,3481,1
P8,0,3138,2914,3547,0
P8,0,3138,2916,3532,0
P8,0,3138,3139,3507,2
P8,0,2861,3041,3650,0
P8,0,2861,3051,3636,2
P8,0,2861,3053,3421,1
P8,0,2861,3056,3598,0
P8,0,2861,3088,3271,2
P8,0,2861,3121,3283,1
P8,0,2861,3241,3648,1
P8,0,3051,2861,3284,0
P8,0,3051,2942,3354,1
P8,0,3051,2953,3619,0
P8,0,3051,3041,3650,0
P8,0,3051,3044,3616,2
P8,0,3051,3212,3588,2
P8,0,3051,3241,3648,0
P8,0,3142,2920,3536,0
P8,0,3142,3122,3472,2
P8,0,3142,3152,3330,1
P8,0,3142,3170,3520,2
P8,0,3142,3181,3566,0
P8,0,3142,3182,3338,0
P8,0,2982,3017,3602,2
P8,0,2982,3137,3624,0
P8,0,2982,3192,3470,2
P8,0,2982,3197,3480,0
P8,0,2916,2914,3547,1
P8,0,2916,2934,3353,1
P8,0,2916,2935,3575,2
P8,0,2916,3138,3668,2
P8,0,2916,3139,3507,0
P8,0,2916,3178,3533,0
P8,0,3007,2933,3656,0
P8,0,3007,3005,3528,0
P8,0,3007,3194,3356,1
P8,0,3007,3227,3585,2
P8,0,3162,2973,3584,2
P8,0,3162,3060,3392,2
P8,0,3162,3091,3424,0
P8,0,3162,3094,3394,1
P8,0,3162,3161,3488,0
P8,0,3162,3163,3491,1
P8,0,3162,3220,3556,0
P8,0,3194,3007,3628,1
P8,0,3194,3176,3573,0
P8,0,3194,3227,3585,2
P8,0,2899,2889,3464,1
P8,0,2899,2906,3534,0
P8,0,2899,3119,3482,1
P8,0,2899,3120,3486,0
P8,0,2899,3150,3519,2
P8,0,2899,3152,3330,0
P8,0,3180,3082,3385,0
P8,0,3180,3084,3281,0
P8,0,3180,3149,3453,2
P8,0,3180,3153,3307,0
P8,0,3180,3211,3336,1
P8,0,3180,3252,3513,2
P8,0,3152,2899,3484,0
P8,0,3152,2906,3534,0
P8,0,3152,2937,3565,0
P8,0,3152,3120,3486,2
P8,0,3152,3142,3316,1
P8,0,3152,3169,3535,0
P8,0,3152,3170,3520,2
P8,0,2836,2954,3581,2
P8,0,2836,2959,3373,1
P8,0,2836,3086,3396,1
P8,0,2836,3159,3517,0
P8,0,2836,3161,3488,0
P8,0,2836,3220,3556,2
P8,0,2869,2859,3279,2
P8,0,2869,2944,3374,1
P8,0,2869,3011,3420,0
P8,0,2869,3044,3616,0
P8,0,2869,3210,3346,1
P8,0,2869,3233,3358,2
P8,0,2869,3241,3648,0
P8,0,2869,3250,3357,1
P8,0,3113,3006,3544,0
P8,0,3113,3039,3500,2
P8,0,3113,3043,3377,0
P8,0,3113,3115,3448,0
P8,0,3113,3175,3334,2
P8,0,3113,3206,3538,1
P8,0,3168,2858,3369,1
P8,0,3168,3014,3641,1
P8,0,3168,3153,3307,0
P8,0,3168,3185,3483,0
P8,0,3168,3215,3552,2
P8,0,3168,3252,3513,2
P8,0,2909,2907,3522,0
P8,0,2909,2929,3553,0
P8,0,2909,3124,3319,2
P8,0,2909,3172,3539,1
P8,0,2909,3184,3555,2
P8,0,3181,2942,3354,0
P8,0,3181,3142,3316,1
P8,0,3181,3170,3520,2
P8,0,3181,3182,3338,1
P8,0,3181,3212,3588,2
P8,0,3227,2933,3656,1
P8,0,3227,2934,3353,0
P8,0,3227,3007,3628,1
P8,0,3227,3176,3573,0
P8,0,3227,3194,3356,2
P8,0,3227,3247,3614,2
P8,0,3252,2857,3360,1
P8,0,3252,2858,3369,1
P8,0,3252,3153,3307,0
P8,0,3252,3168,3514,2
P8,0,3252,3180,3292,0
P8,0,3252,3211,3336,2
P8,0,2943,2920,3536,1
P8,0,2943,2929,3553,1
P8,0,2943,2953,3619,0
P8,0,2943,3182,3338,2
P8,0,2943,3198,3578,1
P8,0,2943,3212,3588,0
P8,0,2943,3229,3620,2
P8,0,2943,3236,3607,1
P8,0,3062,2957,3652,1
P8,0,3062,2989,3659,0
P8,0,3062,2990,3660,2
P8,0,3062,3094,3394,0
P8,0,3062,3163,3491,2
P8,0,2881,2857,3360,0
P8,0,2881,2922,3635,2
P8,0,2881,3068,3416,1
P8,0,2881,3137,3624,2
P8,0,2881,3192,3470,1
P8,0,2881,3248,3359,0
P8,0,3178,2906,3534,2
P8,0,3178,2916,3532,1
P8,0,3178,2935,3575,2
P8,0,3178,3139,3507,1
P8,0,3178,3150,3519,1
P8,0,3178,3179,3564,0
P8,0,3178,3210,3346,0
P8,0,3178,3230,3605,0
P8,0,3159,2836,3362,1
P8,0,3159,2875,3447,0
P8,0,3159,2954,3581,1
P8,0,3159,3056,3598,0
P8,0,3159,3091,3424,0
P8,0,3159,3155,3459,2
P8,0,3159,3161,3488,2
P8,0,3159,3215,3552,1
P8,0,2954,2836,3362,2
P8,0,2954,3014,3641,2
P8,0,2954,3086,3396,1
P8,0,2954,3159,3517,0
P8,0,2954,3215,3552,0
P8,0,2954,3253,3655,1
P8,0,2954,3254,3378,1
P8,0,3163,2973,3584,0
P8,0,3163,3062,3397,2
P8,0,3163,3094,3394,0
P8,0,3163,3162,3308,0
P8,1,3650,3284,2874,0
P8,1,3650,3380,2836,2
P8,1,3650,3598,2694,0
P8,1,3650,3619,2654,2
P8,1,3650,3620,2784,1
P8,1,3650,3636,2666,0
P8,1,3632,3374,2640,0
P8,1,3632,3403,2680,2
P8,1,3632,3410,2696,0
P8,1,3632,3603,2771,1
P8,1,3632,3605,2669,2
P8,1,3632,3630,2692,1
P8,1,3620,3347,2761,1
P8,1,3620,3380,2836,0
P8,1,3620,3589,2782,2
P8,1,3620,3607,2642,1
P8,1,3620,3619,2654,0
P8,1,3620,3650,2848,0
P8,1,3620,3651,2828,2
P8,1,3662,3359,2600,0
P8,1,3662,3360,2880,2
P8,1,3662,3369,2605,1
P8,1,3374,3279,2604,0
P8,1,3374,3357,2854,2
P8,1,3374,3410,2696,2
P8,1,3374,3605,2669,1
P8,1,3374,3615,2871,0
P8,1,3374,3632,2656,1
P8,1,3410,3269,2786,2
P8,1,3410,3279,2604,0
P8,1,3410,3374,2640,2
P8,1,3410,3403,2680,1
P8,1,3410,3632,2656,1
P8,1,3410,3658,2602,1
P8,1,3451,3269,2786,0
P8,1,3451,3336,2670,1
P8,1,3451,3448,2788,2
P8,1,3451,3453,2618,2
P8,1,3451,3542,2681,1
P8,1,3451,3658,2602,0
P8,1,3359,3336,2670,2
P8,1,3359,3360,2880,1
P8,1,3359,3542,2681,0
P8,1,3359,3574,2598,2
P8,1,3359,3662,2704,1
P8,1,3588,3337,2756,1
P8,1,3588,3338,2758,1
P8,1,3588,3354,2821,0
P8,1,3588,3566,2639,2
P8,1,3588,3589,2782,1
P8,1,3588,3606,2824,0
P8,1,3588,3619,2654,2
P8,1,3588,3636,2666,0
P8,1,3283,3271,2823,2
P8,1,3283,3281,2805,0
P8,1,3283,3307,2814,2
P8,1,3283,3421,2676,0
P8,1,3283,3483,2818,1
P8,1,3283,3657,2685,0
P8,1,3377,3290,2667,1
P8,1,3377,3403,2680,0
P8,1,3377,3448,2788,1
P8,1,3377,3544,2601,2
P8,1,3377,3658,2602,2
P8,1,3403,3377,2616,1
P8,1,3403,3410,2696,2
P8,1,3403,3544,2601,1
P8,1,3403,3630,2692,2
P8,1,3403,3632,2656,0
P8,1,3403,3658,2602,1
P8,1,3563,3346,2833,2
P8,1,3563,3564,2653,1
P8,1,3563,3575,2853,0
P8,1,3563,3605,2669,0
P8,1,3630,3403,2680,0
P8,1,3630,3544,2601,0
P8,1,3630,3603,2771,1
P8,1,3630,3632,2656,2
P8,1,3448,3290,2667,1
P8,1,3448,3377,2616,2
P8,1,3448,3451,2760,0
P8,1,3448,3542,2681,2
P8,1,3448,3574,2598,1
P8,1,3448,3658,2602,0
P8,1,3380,3447,2849,2
P8,1,3380,3598,2694,0
P8,1,3380,3620,2784,1
P8,1,3380,3650,2848,2
P8,1,3380,3651,2828,1
P8,1,3421,3281,2805,2
P8,1,3421,3283,2840,0
P8,1,3421,3420,2822,1
P8,1,3421,3648,2881,1
P8,1,3421,3649,2682,1
P8,1,3421,3657,2685,2
P8,1,3651,3380,2836,0
P8,1,3651,3381,2813,2
P8,1,3651,3447,2849,0
P8,1,3651,3607,2642,1
P8,1,3651,3620,2784,2
P8,1,3279,3269,2786,0
P8,1,3279,3374,2640,2
P8,1,3279,3385,2800,0
P8,1,3279,3410,2696,0
P8,1,3279,3420,2822,2
P8,1,3279,3615,2871,1
P8,1,3279,3634,2872,1
P8,1,3641,3369,2605,2
P8,1,3641,3371,2773,1
P8,1,3641,3378,2863,1
P8,1,3641,3552,2753,0
P8,1,3641,3579,2769,0
P8,1,3641,3581,2739,2
P8,1,3641,3644,2717,1
P8,1,3577,3336,2670,0
P8,1,3577,3360,2880,2
P8,1,3577,3369,2605,1
P8,1,3577,3513,2766,0
P8,1,3577,3514,2735,0
P8,1,3577,3579,2769,2
P8,1,3362,3371,2773,1
P8,1,3362,3554,2832,2
P8,1,3362,3556,2731,0
P8,1,3269,3279,2604,0
P8,1,3269,3385,2800,0
P8,1,3269,3410,2696,2
P8,1,3269,3451,2760,1
P8,1,3269,3453,2618,2
P8,1,3269,3658,2602,1
P8,1,3358,3346,2833,1
P8,1,3358,3354,2821,2
P8,1,3358,3564,2653,1
P8,1,3358,3565,2779,1
P8,1,3358,3615,2871,2
P8,1,3358,3616,2665,0
P8,1,3358,3634,2872,0
P8,1,3658,3269,2786,0
P8,1,3658,3377,2616,2
P8,1,3658,3403,2680,0
P8,1,3658,3410,2696,0
P8,1,3658,3448,2788,1
P8,1,3658,3451,2760,2
P8,1,3420,3279,2604,2
P8,1,3420,3281,2805,0
P8,1,3420,3385,2800,0
P8,1,3420,3421,2676,2
P8,1,3420,3634,2872,1
P8,1,3420,3648,2881,1
P8,1,3598,3271,2823,2
P8,1,3598,3284,2874,0
P8,1,3598,3295,2660,1
P8,1,3598,3380,2836,0
P8,1,3598,3447,2849,2
P8,1,3598,3459,2689,1
P8,1,3598,3650,2848,0
P8,1,3574,3359,2600,1
P8,1,3574,3448,2788,0
P8,1,3574,3542,2681,2
P8,1,3488,3295,2660,2
P8,1,3488,3424,2677,1
P8,1,3488,3517,2720,0
P8,1,3488,3554,2832,0
P8,1,3488,3556,2731,2
P8,1,3392,3381,2813,1
P8,1,3392,3424,2677,2
P8,1,3336,3359,2600,2
P8,1,3336,3360,2880,0
P8,1,3336,3451,2760,1
P8,1,3336,3453,2618,1
P8,1,3336,3511,2763,2
P8,1,3336,3513,2766,0
P8,1,3336,3542,2681,1
P8,1,3336,3577,2882,0
P8,1,3619,3588,2792,2
P8,1,3619,3589,2782,1
P8,1,3619,3620,2784,1
P8,1,3619,3636,2666,0
P8,1,3619,3650,2848,2
P8,1,3307,3281,2805,0
P8,1,3307,3283,2840,0
P8,1,3307,3292,2707,2
P8,1,3307,3483,2818,2
P8,1,3307,3513,2766,1
P8,1,3307,3514,2735,1
P8,1,3552,3459,2689,0
P8,1,3552,3483,2818,0
P8,1,3552,3514,2735,0
P8,1,3552,3517,2720,2
P8,1,3552,3579,2769,2
P8,1,3552,3581,2739,1
P8,1,3552,3641,2860,1
P8,1,3447,3295,2660,0
P8,1,3447,3380,2836,2
P8,1,3447,3381,2813,1
P8,1,3447,3424,2677,2
P8,1,3447,3598,2694,0
P8,1,3447,3651,2828,1
P8,1,3579,3369,2605,1
P8,1,3579,3514,2735,2
P8,1,3579,3552,2753,0
P8,1,3579,3577,2882,1
P8,1,3579,3641,2860,2
P8,1,3354,3358,2834,0
P8,1,3354,3551,2770,1
P8,1,3354,3565,2779,2
P8,1,3354,3566,2639,1
P8,1,3354,3588,2792,1
P8,1,3354,3606,2824,2
P8,1,3354,3616,2665,0
P8,1,3371,3362,2754,0
P8,1,3371,3378,2863,1
P8,1,3371,3554,2832,0
P8,1,3371,3581,2739,2
P8,1,3371,3641,2860,1
P8,1,3424,3295,2660,0
P8,1,3424,3381,2813,1
P8,1,3424,3392,2862,1
P8,1,3424,3447,2849,2
P8,1,3424,3488,2662,2
P8,1,3369,3360,2880,2
P8,1,3369,3577,2882,0
P8,1,3369,3579,2769,0
P8,1,3369,3641,2860,2
P8,1,3369,3644,2717,1
P8,1,3369,3662,2704,1
P8,1,3605,3346,2833,1
P8,1,3605,3357,2854,2
P8,1,3605,3374,2640,0
P8,1,3605,3563,2820,1
P8,1,3605,3575,2853,2
P8,1,3605,3603,2771,0
P8,1,3605,3632,2656,0
P8,1,3564,3346,2833,2
P8,1,3564,3358,2834,0
P8,1,3564,3535,2778,2
P8,1,3564,3563,2820,1
P8,1,3564,3565,2779,0
P8,1,3565,3354,2821,2
P8,1,3565,3358,2834,0
P8,1,3565,3535,2778,2
P8,1,3565,3551,2770,1
P8,1,3565,3564,2653,0
P8,2,2880,2670,2932,0
P8,2,2880,2671,3176,1
P8,2,2880,2830,3213,0
P8,2,2880,2882,3273,2
P8,2,2818,2689,3272,1
P8,2,2818,2735,2913,0
P8,2,2818,2753,3014,2
P8,2,2818,2814,3019,0
P8,2,2818,2823,3270,1
P8,2,2818,2831,3096,0
P8,2,2818,2840,3006,2
P8,2,2832,2609,2982,0
P8,2,2832,2720,3000,2
P8,2,2832,2739,2905,1
P8,2,2833,2653,2986,2
P8,2,2833,2669,2952,1
P8,2,2833,2834,2958,0
P8,2,2833,2854,3160,2
P8,2,2833,2871,3128,0
P8,2,2739,2646,3063,1
P8,2,2739,2720,3000,0
P8,2,2739,2737,3274,2
P8,2,2739,2832,3242,0
