plant,time point,cell,degree,weighted node degree,clustering coefficient,information centrality,betweenness centrality,eigenvector centrality,page rank,katz centrality,current flow betweenness centrality,communicability betweenness centrality,load centrality,harmonic centrality,size on 2 neighborhood,estrada index on 2 neighborhood,abs graph density on 2 neighborhood,rel graph density on 2 neighborhood,avg path length on 2 neighborhood,algebraic connectivity on 2 neighborhood
p4 FM1,0,21399,6.0,45.490799999999986,0.2122263498476279,0.0828611053513555,0.11124432788007732,0.09912351575344498,0.007743878870042719,0.09971943013032065,0.09945216822370948,0.11498341413757476,0.11189421634795649,5.035763996827223,47.0,240.08090861515538,0.22380952380952382,4.476190476190476,17.841555238095243,5.516713263357513
p4 FM1,0,21403,6.0,44.27980000000002,0.20580119381856254,0.0821124542451426,0.10799318611171108,0.035405376819505036,0.007883442404360052,0.09946449092729084,0.09582581400707854,0.11072050740192042,0.10704694899248704,5.264458301013847,47.0,239.98453767045584,0.22380952380952382,4.476190476190476,16.917467619047603,5.167106637930279
p4 FM1,0,21404,5.0,31.382800000000003,0.2296789313264857,0.07012948891568933,0.05650622221124437,0.017889423954376954,0.00607230780048781,0.08717192027894746,0.0495398029859695,0.041089380689384426,0.05612709869599633,5.006841799736778,35.0,173.33432235223552,0.2916666666666667,4.375,14.744534999999992,5.858954592697797
p4 FM1,0,21439,7.0,55.280599999999986,0.172819735827909,0.08394473240405617,0.09995013996973591,0.02557027810957032,0.010053460306098081,0.10749725755112988,0.11876488176805118,0.12693483421486465,0.09969413545529031,5.140804781645918,50.0,263.4296070128058,0.21645021645021648,4.545454545454546,16.971049350649345,4.7103293777981285
p4 FM1,0,21499,5.0,40.02929999999999,0.2904217363941267,0.07474384247171013,0.04408189055733112,0.13960170904865526,0.006784011535579745,0.0881844827258652,0.05694847868697345,0.04611731280513414,0.044424134483189597,4.559030685751462,37.0,182.96238626306555,0.27205882352941174,4.352941176470588,17.579729411764703,7.6194378220013865
p4 FM1,0,21505,5.0,38.4505,0.2702982163056233,0.07267262240585258,0.024120202266683963,0.12221768699325035,0.0066470057047944425,0.08638394529901972,0.04883452174881877,0.035178903120253006,0.025629608798900135,4.508624141851868,33.0,162.7255725396128,0.31428571428571433,4.4,16.338422857142863,9.11127345839556
p4 FM1,0,21514,6.0,47.9118,0.22441581843496294,0.07987730710498912,0.06517727354755078,0.056627161497055184,0.008474531723396642,0.09863742877791216,0.09082640750949705,0.09081525852400894,0.06453099612548431,4.840949844984958,48.0,252.08653079963727,0.22857142857142856,4.571428571428571,17.70969714285717,5.941879611109393
p4 FM1,0,21516,7.0,55.96749999999999,0.16969459321633826,0.08064105285925897,0.04908613376929838,0.03170473129507969,0.010305784514318853,0.10461078721387074,0.10537716881713027,0.09081877761030296,0.04912016206307544,5.027408076682292,45.0,232.42915867274988,0.23684210526315788,4.5,16.52311947368421,5.797550980625149
p4 FM1,0,21517,7.0,56.34920000000001,0.1773699762482406,0.08573930300906123,0.13939705949454734,0.08990129077908846,0.009632432836888215,0.10773952626929346,0.12208038658542492,0.14676320020710307,0.13927165354330706,5.0623246157886514,49.0,252.85426065732756,0.2121212121212121,4.454545454545454,18.155968831168835,5.091101163247151
p4 FM1,0,21520,6.0,48.19599999999998,0.21381384378399412,0.08319636143896866,0.05037874786228612,0.11144572381732276,0.00811088022466412,0.09863111984551737,0.10254829790903427,0.10801379915871069,0.05098646523351249,4.841967149840521,44.0,218.74954731526412,0.23157894736842108,4.4,18.033245789473682,5.900771806805922
p4 FM1,0,21523,6.0,41.69,0.19096840341189728,0.08147102030486453,0.07574604119641253,0.05750895516711564,0.0073281397137907245,0.0986985053379646,0.09541806491498701,0.11066113460607337,0.07541765612631755,5.187499378360641,44.0,218.74954731526392,0.23157894736842108,4.4,17.228428421052612,5.2287245703089775
p4 FM1,0,21527,6.0,45.09479999999999,0.20547491417071082,0.0809042214726724,0.08929687525849885,0.03321800717445456,0.008169093892427358,0.09866940778997779,0.08791210672052312,0.08967506910480799,0.09040059228707523,5.1610659190418655,45.0,235.49171617892657,0.23684210526315788,4.5,16.327742631578946,5.858915714174748
p4 FM1,0,21528,7.0,56.98500000000001,0.1774126209712677,0.08503638516859843,0.09561152341203442,0.04383058118276549,0.009941006703541729,0.1055197496187165,0.1190208538845823,0.12046428724698037,0.0957660240386618,5.05597123251083,45.0,227.7017799696948,0.23684210526315788,4.5,17.26688631578946,5.992905577127205
p4 FM1,0,21536,5.0,32.909200000000006,0.2375023215768571,0.07238071445983307,0.043257878254239,0.014928026678381594,0.006316152145577276,0.08912399248624422,0.059622461007322165,0.055529448077837856,0.04287875473899096,4.963610449536077,39.0,193.58295236794368,0.2549019607843137,4.333333333333333,15.90089673202614,5.1865086412017405
p4 FM1,0,21602,6.0,49.1949,0.22510708548807706,0.07989263555140619,0.06623061006263106,0.09193276888538125,0.008440567879048814,0.0979490526811289,0.09237831412637175,0.09332190852570084,0.06676899762529682,4.767989110700719,44.0,220.03801563278097,0.23157894736842108,4.4,18.365268421052647,5.974826223050371
p4 FM1,0,21603,7.0,63.34699999999999,0.19184838795926623,0.08726702585248544,0.08766870411039887,0.1755123956162558,0.010192437624124744,0.10825147271964405,0.1359370218972817,0.15559711033303572,0.08830927384076989,4.78753327707563,51.0,258.8324186517538,0.2015810276679842,4.434782608695652,19.817177075098826,4.9167448912253935
p4 FM1,0,21607,6.0,46.27369999999999,0.21784751062136187,0.08043059238829765,0.08596326182285834,0.132871562786819,0.007742072840439184,0.09761534694472591,0.08322762815976849,0.08499991640187418,0.08606931946006749,4.869190558238007,42.0,210.43994057839876,0.2456140350877193,4.421052631578948,17.735019883040934,5.696268083622623
p4 FM1,0,21608,7.0,60.19270000000002,0.1902765959454787,0.08452263934641624,0.08641520714123482,0.18434852373262703,0.00981220349633704,0.1060411238371079,0.11978058343850041,0.12100201510833947,0.08485658042744657,4.690616439975624,47.0,238.48394735547916,0.22380952380952382,4.476190476190476,19.075350476190472,5.936926880328988
p4 FM1,0,21612,6.0,50.44070000000001,0.2279657125915064,0.08240189839184847,0.06696761489150056,0.10813369555274752,0.008574379652531047,0.09790298338666434,0.10571533050382902,0.09748463084851984,0.0664096675415573,4.575487996383368,44.0,219.9431451943066,0.23157894736842108,4.4,18.440893684210533,5.4857009194453745
p4 FM1,0,21620,4.0,22.678699999999985,0.30587228292465746,0.06318716851936632,0.037087243775203706,0.013957002473603273,0.004720241759609367,0.08045259734946145,0.03317532459612159,0.030251742898959516,0.03676753947423239,5.108649595777314,34.0,168.74347949081195,0.2833333333333333,4.25,14.865103333333321,6.731761869956449
p4 FM1,0,21621,7.0,54.051700000000004,0.17001616006412199,0.08347370645586202,0.09271384709749035,0.04568581259602446,0.009655900071307398,0.10664803827886346,0.10751440355413411,0.12081509136506004,0.0932266279215098,5.1369167732104115,47.0,248.1023580475155,0.22380952380952382,4.476190476190476,17.333352380952398,5.5954345043441425
p4 FM1,0,21624,4.0,22.417499999999997,0.3030008899485015,0.0639436820150273,0.05301946383686165,0.025699813840546846,0.004550591406021771,0.0799315397875112,0.03222308271852102,0.032687696354964435,0.05351674790651168,5.223184826806945,32.0,157.9984848884785,0.30476190476190473,4.266666666666667,14.63513714285714,8.365892938019378
p4 FM1,0,21625,6.0,41.73269999999998,0.19035704270136528,0.07967503208687042,0.09497433781931114,0.05078539037805395,0.00750459507420364,0.09731647587859509,0.08148559628510643,0.08933301198389508,0.09452138795150605,5.318719221771043,40.0,203.22772408422614,0.26143790849673204,4.444444444444445,15.896790849673193,6.435655644799909
p4 FM1,0,21626,6.0,48.18489999999999,0.22019768469547749,0.08156228070217537,0.06669735686689061,0.06761239847943779,0.008326907781302798,0.0973919274667405,0.09551422830468463,0.09305038547504074,0.06581729367162437,4.919842549245537,42.0,209.21664656845454,0.2456140350877193,4.421052631578948,17.226878362573096,5.893147750637075
p4 FM1,0,21627,5.0,39.8669,0.283903491585832,0.07590342772921277,0.03704883628291033,0.05412754532301262,0.007183284190451817,0.08842471168664427,0.0687448043373341,0.055329812179816466,0.03714770028746406,4.533306396611925,39.0,192.40184659864937,0.2549019607843137,4.333333333333333,17.11083202614379,6.175414814324213
p4 FM1,0,21632,6.0,47.6335,0.2208259991405164,0.0793747998113936,0.06318307981995143,0.0403623423059013,0.0085138276549288,0.09580030509080446,0.08395276476432177,0.06618410280257628,0.06328896387951505,4.747293503357087,40.0,200.86550578866712,0.26143790849673204,4.444444444444445,17.008506535947717,6.071988709732247
p4 FM1,0,21640,7.0,56.41890000000001,0.17192702325931672,0.08589798895642473,0.07391546368852889,0.025863494362154394,0.010084875324383985,0.1068944211458498,0.12800239605932803,0.12753696682345927,0.07395559930008748,5.14550161217169,47.0,238.52898242637423,0.22380952380952382,4.476190476190476,16.50730285714285,5.203938111137224
p4 FM1,0,21653,6.0,44.68770000000002,0.20498601282516254,0.08077696587793858,0.06875203542018138,0.02300911342912326,0.008117508047427271,0.09860449989953533,0.0924424135898374,0.09800498620995167,0.06845274259699018,5.137297192206611,44.0,221.05015553104667,0.23157894736842108,4.4,16.45107105263156,4.83428059955405
p4 FM1,1,21734,7.0,64.9698,0.17950134539190657,0.065644002994381,0.10600821639906016,0.1753373232166788,0.0069711755606437775,0.08669925116357187,0.08320262397456912,0.06489358305581387,0.1046576445756364,5.582505570778687,47.0,245.5575058818437,0.22380952380952382,4.476190476190476,20.326147619047614,5.800320148257712
p4 FM1,1,21735,4.0,27.610299999999995,0.3387012986553483,0.05132466111379598,0.09796169609616011,0.07195611861870553,0.0034136293150069073,0.06644182481677033,0.02418232372381364,0.02111727275743051,0.09619728517319454,5.728914574592662,36.0,180.60241609153596,0.2647058823529412,4.235294117647059,17.739223529411756,7.8605534494833424
p4 FM1,1,21754,6.0,52.33454999999999,0.22704372346322696,0.06419265314111819,0.0804703244928533,0.11086993740294727,0.00578336296209557,0.0805089188090111,0.07719109442387895,0.07467843699717844,0.07921903764362344,5.497506565769123,44.0,219.89767135165445,0.23157894736842108,4.4,19.943085157894743,6.32122329093659
p4 FM1,1,21756,6.0,51.139799999999994,0.21420347009636567,0.06314743754727054,0.03529266556381134,0.09596335361345643,0.005701163428306965,0.07995910487059009,0.06849133882377252,0.056509461669461976,0.03644791865041579,5.474679366178853,44.0,222.11750673438937,0.23157894736842108,4.4,19.817933684210516,6.576920488362191
p4 FM1,1,21759,6.0,51.42279999999999,0.21622041568813125,0.0636824876521212,0.04743459770189871,0.07307803333001825,0.005839039376197859,0.08058320067054951,0.07471501201480543,0.06791281377286548,0.04827081547959119,5.509632275204822,44.0,222.27882029484965,0.23157894736842108,4.4,19.904318947368417,6.447090959812353
p4 FM1,1,21766,6.0,53.27240000000001,0.21901712473249002,0.064943985660418,0.04254727387514888,0.05109082637603911,0.006013756620320268,0.08047991022359703,0.08561142870067737,0.09407532554568922,0.04276070431029011,5.402275480094011,44.0,219.99234027670792,0.23157894736842108,4.4,19.086165289473673,6.322472552420734
p4 FM1,1,21885,6.0,58.07221000000001,0.24454313950562867,0.0638473659243648,0.09031057576334665,0.25717720953582174,0.006125405381411884,0.07990017039483031,0.07570766097024605,0.07091040270710647,0.09026058528534248,5.174012489143131,44.0,221.13902147275653,0.23157894736842108,4.4,21.998461947368437,6.536834686039322
p4 FM1,1,21895,5.0,43.132949999999994,0.28599250536303084,0.059889241156364396,0.058373801815527204,0.18308614505010282,0.004725443690668216,0.07289515405941939,0.052140751998095904,0.03986900718714572,0.05817939440106647,5.275359639855956,39.0,192.40184659864934,0.2549019607843137,4.333333333333333,20.36821849673203,7.859984896019577
p4 FM1,1,21896,6.0,50.800900000000006,0.21513537218941262,0.06202214262722361,0.08208410038299584,0.1801227700130354,0.0055022200068930585,0.07920089264046945,0.06274353289321802,0.04979602987083382,0.08223036881863773,5.45088372448338,42.0,210.4620955077948,0.2456140350877193,4.421052631578948,20.143936608187133,7.0637227866267684
p4 FM1,1,21903,7.0,65.83375100000002,0.19230935734176868,0.06569017267859335,0.08568233701181248,0.19371645258711306,0.007197766964859434,0.08758642285020377,0.099171371161918,0.09677526037753781,0.0854698311432743,5.350847223646919,49.0,254.08953271356233,0.2121212121212121,4.454545454545454,21.120038809523823,5.7237995664520245
p4 FM1,1,21915,7.0,68.85677000000001,0.20463405341666466,0.0675907695083311,0.11241574685941465,0.21973574248995323,0.007232364685778736,0.08768865586092857,0.09968078628272968,0.0935487907523464,0.1115382784231575,5.406381967151419,49.0,249.24649710589387,0.2121212121212121,4.454545454545454,21.894676956709954,5.995304064201212
p4 FM1,1,21916,6.0,54.450940000000024,0.22990066749690838,0.06250018066220474,0.05393909061077723,0.15659840354834786,0.0059134562605755525,0.07829168159690203,0.0627799108817674,0.043322081550699505,0.05465476813940202,5.415126110092364,40.0,199.64460385297355,0.26143790849673204,4.444444444444445,19.17902150326796,7.634246867979097
p4 FM1,1,21917,5.0,39.88350000000001,0.269518924288216,0.057105094279659666,0.06440060666661614,0.1068936358723176,0.004563172590969163,0.07097623948018486,0.039672778967513915,0.023269431124982413,0.06383010378975433,5.44126752698299,35.0,172.15091589097955,0.2916666666666667,4.375,17.677417500000004,8.307853377007348
p4 FM1,1,21919,5.0,36.9577,0.251737827942432,0.05752246472167038,0.053397174478940886,0.05478491912989833,0.004505644548457583,0.07449697790191767,0.05070780085000296,0.04295615710115409,0.05429653610952411,5.641567162980189,44.0,225.72137743551102,0.23157894736842108,4.4,17.90407736842103,5.581702137720188
p4 FM1,1,21926,5.0,41.28600000000001,0.28127240990179436,0.05800104395463997,0.06996411325558248,0.09740444416492376,0.004716415281706491,0.07251518900141367,0.041499425236293956,0.028952770148453502,0.06958396813305402,5.491064583965304,40.0,205.4471226740141,0.26143790849673204,4.444444444444445,18.73928562091502,7.6266456603152575
p4 FM1,1,21927,8.0,82.4582,0.1638115667583008,0.06903545948254333,0.09020339380159346,0.14711192322538838,0.00888637420413168,0.09446193028423856,0.11521038072975781,0.10392669355039184,0.09217192756935187,5.566627997198843,52.0,273.9877515177086,0.20553359683794464,4.521739130434782,20.37408695652174,5.672892766510959
p4 FM1,1,21934,7.0,60.586299,0.17295368538547423,0.0637353089750791,0.06242379777643988,0.09311484218367208,0.007007559261487376,0.08705128227108902,0.08920846866532967,0.08564624369300004,0.06332623151145814,5.482656898696068,48.0,254.88957174355065,0.22857142857142856,4.571428571428571,18.78772146666667,5.999404029036327
p4 FM1,1,21935,5.0,41.800240999999986,0.2765477111238888,0.06016151604976775,0.05253663331576987,0.11529606644104183,0.004753232433231816,0.07463378461456029,0.05806203413062419,0.052875194585347736,0.05369215387545229,5.431926785507074,44.0,224.50378450835558,0.23157894736842108,4.4,19.53600169473684,6.255413690621628
p4 FM1,1,21943,6.0,53.72018000000001,0.22690886664594076,0.06347087661659061,0.06338720156654881,0.13186249817679419,0.005875529116998479,0.0791005202759497,0.06888199742419933,0.05230453595816755,0.061880078397765506,5.445689096390005,42.0,209.2179461851335,0.2456140350877193,4.421052631578948,19.62171578947368,7.3286843679194655
p4 FM1,1,21944,6.0,51.10480000000001,0.21815242439667992,0.061077421693488954,0.06908500773446298,0.10736831957359491,0.005710668271032827,0.07688884898810353,0.055643165775297036,0.03460638869780271,0.06719057481114708,5.4541309669876705,36.0,179.47891543657897,0.3,4.5,17.506476,8.853724698956906
p4 FM1,1,21945,6.0,50.21089999999999,0.21027575029895074,0.06238484412548535,0.05849359875664759,0.05507808868081799,0.0058910235626984725,0.08081685018837986,0.0710704611953875,0.0634719634929638,0.05842372616856048,5.57783427897575,44.0,222.1069675460684,0.23157894736842108,4.4,18.423183157894723,4.960599082105159
p4 FM1,1,21960,7.0,58.48470599999999,0.17308077616191686,0.06541883276618607,0.09700761078708653,0.08054185752054045,0.006636357257435593,0.08733605583187842,0.09627456058728531,0.0995997644750582,0.0968485334803953,5.596641854572308,47.0,243.2097163149031,0.22380952380952382,4.476190476190476,18.84403279047618,5.956802561642748
p4 FM1,1,21962,5.0,38.884299999999996,0.25554661554750335,0.05839412779698904,0.036037346147773285,0.07164819553128006,0.004509283799333301,0.07187924973887781,0.04742698321003544,0.03385618374237932,0.03731779264267124,5.429224795902257,37.0,181.63620605048436,0.27205882352941174,4.352941176470588,17.800517647058822,7.193161090918891
p4 FM1,1,21969,6.0,48.78674999999998,0.2127378042794038,0.06310936906780544,0.08396328510879006,0.07842293485389139,0.005481978859038447,0.07958135661404787,0.07071460678649512,0.06928917969898943,0.08541279835586872,5.564300387682493,42.0,209.1722733805715,0.2456140350877193,4.421052631578948,18.85633970760234,6.6181591152321175
p4 FM1,1,21971,5.0,37.77069999999998,0.25400985308523205,0.05751268076221991,0.04970523222383771,0.030835788635436113,0.004621916354401578,0.07338660058929004,0.04830779544410744,0.04123074515871734,0.05010659161629415,5.523100893191111,39.0,194.6644276989998,0.2549019607843137,4.333333333333333,17.576178431372526,5.869728327611784
p4 FM1,1,21977,6.0,50.269985000000005,0.2162220226658138,0.06413884344957972,0.0913882517367519,0.061377046716259855,0.0056892657527725385,0.08058233398984121,0.08177193812765281,0.08853686307258204,0.09181824163122371,5.5080034003753005,44.0,218.7495473152642,0.23157894736842108,4.4,19.176318578947374,6.383332046939645
p4 FM1,1,21979,7.0,59.368999999999986,0.17167912315915435,0.06689676482589287,0.09304981219310232,0.0723707033369604,0.006590533174917662,0.08709615208774779,0.09802183992735242,0.10055120592587352,0.09304428124801625,5.596064664326261,47.0,238.41112950627274,0.22380952380952382,4.476190476190476,19.342989047619046,5.548812363490392
p4 FM1,1,21981,5.0,37.65480000000001,0.24284148785413348,0.05849662380731627,0.07605372877204852,0.03384460102791352,0.00454572947941937,0.07394489846251856,0.053555660904955185,0.04818471877770277,0.07729412137253105,5.423879858131486,41.0,205.4366181014583,0.23976608187134504,4.315789473684211,18.08185614035087,5.375805508653918
p4 FM1,1,21988,8.0,72.72960000000002,0.1511267910751615,0.06750591140107705,0.06518393675124189,0.03173670786479945,0.008443130007374972,0.09384917643626933,0.11866656607270173,0.12253337441722421,0.06427933112681652,5.530062686390193,50.0,260.7723873232258,0.21645021645021648,4.545454545454546,19.532717316017305,5.582384507957729
p4 FM1,1,21996,7.0,60.57400000000004,0.17966404012719575,0.06673100267790857,0.058486976115527445,0.039093312008099054,0.006915248278145398,0.08836735334101743,0.10341590148172339,0.12075892874792579,0.059497817643298194,5.486799857472029,51.0,262.08234009701624,0.2015810276679842,4.434782608695652,19.71328545454546,4.669179292945238
p4 FM1,1,22002,5.0,40.459990000000005,0.2671022445361931,0.059157206116368086,0.023386445650238816,0.02398938000701903,0.004875854261543056,0.07305657757359588,0.058069261477409984,0.05494318323845501,0.02427389592972885,5.282121602824153,39.0,192.40184659864985,0.2549019607843137,4.333333333333333,17.522326830065353,6.327770104411745
p4 FM1,2,22111,7.0,69.96570000000003,0.19309001070229112,0.04711815143250498,0.07016282620196099,0.08841808809812661,0.005046175764128159,0.07257641400583242,0.08545202074071198,0.09246611300557668,0.07097592181226853,6.528968901012588,49.0,249.15452602867376,0.2121212121212121,4.454545454545454,21.572324675324694,5.883257024426719
p4 FM1,2,22124,5.0,42.2211,0.2866328630354183,0.04078785705608652,0.0533911848778799,0.07684202068056402,0.0032657996654944363,0.05927373853541485,0.034847234838274996,0.023757855812115754,0.05436113828934674,6.494282372729009,37.0,181.63620605048277,0.27205882352941174,4.352941176470588,19.226533823529415,8.035491199041761
p4 FM1,2,22125,5.0,42.40700000000001,0.2850410082251697,0.04214990879889538,0.07038497319966272,0.10370675207782513,0.0032762012419435002,0.061518638988807404,0.04524389229964297,0.03945040478644581,0.07113846441131617,6.535425874058007,43.0,214.91930433665607,0.2263157894736842,4.3,20.230221052631595,6.201174372345539
p4 FM1,2,22138,6.0,58.84219999999999,0.2424598866710118,0.045466494120529666,0.05116945537088095,0.17474859093651954,0.004306574339229779,0.06651140108792322,0.06351244961746629,0.055833970117672,0.05137184981015219,6.3563999430054645,44.0,223.3489531450459,0.23157894736842108,4.4,21.09531210526317,6.264952541959512
p4 FM1,2,22273,5.0,41.27759999999999,0.27618840654045157,0.040819137375475385,0.031505475883035795,0.046558548416359674,0.0032192610310923606,0.061090855894884694,0.04153269430165651,0.03379401493266545,0.03089402409853989,6.381007797808316,41.0,204.40582593423395,0.23976608187134504,4.315789473684211,19.964267836257314,6.680293915056347
p4 FM1,2,22281,7.0,71.75489999999998,0.2008031393094624,0.04594093575999091,0.043555112801421735,0.07440834846510626,0.0051666976024004494,0.07108595040464091,0.07511299313077843,0.056932521033708196,0.04371095087298871,6.268338083255109,45.0,228.8510668677672,0.23684210526315788,4.5,21.267088421052627,6.859593493886446
p4 FM1,2,22283,7.0,60.96520000000002,0.17105627206176544,0.04582812710024785,0.05707275456950185,0.057305798826070314,0.004709768213993175,0.0734765904314813,0.08322591850444784,0.09604625002588806,0.05625109280281417,6.679635014771637,51.0,262.38245443707297,0.2015810276679842,4.434782608695652,20.13867588932805,4.535242028682958
p4 FM1,2,22294,6.0,51.4297,0.21793254804255877,0.04227911886411821,0.0506537450130831,0.048455902173152265,0.0039136433291092,0.06425063066521726,0.04695558257360102,0.03318905894325045,0.050340792381189506,6.361783786710434,38.0,190.19573097812605,0.27941176470588236,4.470588235294118,19.03267794117646,8.70678181338287
p4 FM1,2,22308,5.0,43.18029999999999,0.2854524460694257,0.04110697935418686,0.06659886199076695,0.05346340192855675,0.003305226704179724,0.06007243137779619,0.03889029259650824,0.033888965746441665,0.06682409511064082,6.436774545560405,39.0,192.40184659864946,0.2549019607843137,4.333333333333333,19.929365359477142,7.444110899856313
p4 FM1,2,22309,5.0,31.999800000000008,0.21618855221305017,0.03859269190090259,0.06440823017733967,0.036129196772938445,0.0027714255283757343,0.06075935088525091,0.038799142277149874,0.041388235728202195,0.06242862336130908,7.087374838729389,39.0,193.58295236794396,0.2549019607843137,4.333333333333333,17.023745098039228,6.5167371613026
p4 FM1,2,22318,6.0,57.07900000000001,0.23014679756821574,0.04488440161599337,0.07790797681378546,0.07891711810715073,0.004180242174269607,0.06615023550672088,0.06109094255674231,0.06324648583804604,0.078269428277987,6.564254915815309,44.0,219.93953893083668,0.23157894736842108,4.4,20.760759999999987,6.580066193249435
p4 FM1,2,22320,6.0,52.6151,0.2191754485310132,0.044748194621295534,0.05581601543320425,0.0783254042650585,0.003998483977650395,0.06722288800434714,0.06538378644343758,0.07179888081674009,0.056109332368532994,6.685848086933156,46.0,230.7196339565838,0.21904761904761907,4.380952380952381,20.24151904761906,5.724215179761429
p4 FM1,2,22328,6.0,50.552,0.21521626933404256,0.043253671895411246,0.12774858656889218,0.05488643345386163,0.0038267471056477676,0.06567656285922051,0.05379464576090125,0.053455682336549314,0.12782048488998166,6.613133935491435,42.0,210.46209550779554,0.2456140350877193,4.421052631578948,19.584708771929815,6.996558837040137
p4 FM1,2,22329,6.0,55.78329999999998,0.2365551427611157,0.04431327943948389,0.08308482029327224,0.08486803007992558,0.004135778762981081,0.06568073681333231,0.055991395618776384,0.04941732206457502,0.08367941007127074,6.559086233503496,42.0,209.21794618513442,0.2456140350877193,4.421052631578948,20.066159064327493,7.0918996743300715
p4 FM1,2,22343,6.0,55.70899999999999,0.2295951815293797,0.04361264037578063,0.030627402051654196,0.07808964859196614,0.004177528163134714,0.06473896013613088,0.05014735541321755,0.03743513091552093,0.030951417634060566,6.483856568136635,40.0,199.64460385297332,0.26143790849673204,4.444444444444445,19.392592810457522,7.708547899144666
p4 FM1,2,22345,6.0,55.3788,0.2363093319204859,0.044477263561284716,0.05824421993602612,0.10131443159298849,0.004149755365829939,0.06586064970126426,0.05749522839273451,0.05095766756346455,0.05835631866421836,6.554185893253284,42.0,210.3219311241753,0.2456140350877193,4.421052631578948,19.883990643274874,7.296919999896193
p4 FM1,2,22346,7.0,61.482199999999985,0.17142346607075837,0.04664487821254773,0.07786580052179601,0.09537993127578344,0.004752919605541509,0.07289067266531875,0.08775750775482304,0.09630975112650225,0.07766456394655212,6.805433898432492,49.0,251.2909725756356,0.2121212121212121,4.454545454545454,19.602336796536804,5.557451356924843
p4 FM1,2,22355,7.0,66.0673,0.1859051318676294,0.04653392905961824,0.05733080417201582,0.07711943924274918,0.004860787760427241,0.0717727658408711,0.07829882276008483,0.07635144650810437,0.05704406375462949,6.580290073245392,47.0,238.52898242637363,0.22380952380952382,4.476190476190476,20.654209523809516,6.384354100074343
p4 FM1,2,22371,5.0,34.9982,0.2405674071861767,0.03903484866933964,0.04988467360756558,0.043362587364097926,0.0028737872439280037,0.0594733334474424,0.03270147530583522,0.02218326613199813,0.04967870786779123,6.731317349751917,37.0,182.81520705543173,0.27205882352941174,4.352941176470588,17.39969264705882,7.319627224762746
p4 FM1,2,22372,5.0,39.718799999999995,0.2621704013030096,0.04004993915896594,0.03659098283981638,0.05318643022666738,0.0031719556988941784,0.059090455347748226,0.033764018209681355,0.019252138058567327,0.03659481886651521,6.568014716451039,37.0,182.81520705543127,0.27205882352941174,4.352941176470588,17.97809558823529,7.383701389479381
p4 FM1,2,22374,6.0,50.26420000000001,0.21249183801142693,0.04273830261138158,0.06337357329730177,0.08377586467782115,0.0038537368992712837,0.06443717508830253,0.04555790047264235,0.02804218060589979,0.06353999301686845,6.570523460484539,40.0,200.75014009100676,0.26143790849673204,4.444444444444445,18.82483464052288,7.301827439049072
p4 FM1,2,22384,7.0,60.53930000000001,0.16998787359163248,0.04456350906443059,0.05672111157850895,0.0808353329657829,0.0046538031706892516,0.06949779667739073,0.06179182864159385,0.03673833443029124,0.056691563929694065,6.5702908189905145,41.0,208.60416736552668,0.2679738562091503,4.555555555555555,17.685557516339877,7.327255473793086
p4 FM1,2,22387,7.0,68.34740000000002,0.19746182573651455,0.04639340437139466,0.07264299476512126,0.14867697557159218,0.004983106422040436,0.07103534708852234,0.07162124030431462,0.056656455947211165,0.07240993170536243,6.424568592676408,45.0,228.82412495051824,0.23684210526315788,4.5,20.766372631578957,6.899599410118905
p4 FM1,2,22393,6.0,48.236899999999984,0.20201723669359126,0.04329395838799368,0.04608367402687844,0.0606321921862896,0.003770742779824375,0.0656781858110202,0.0551915776918925,0.04122547812093276,0.045853060517879934,6.714721766743953,42.0,210.36156475560793,0.2456140350877193,4.421052631578948,18.495340350877207,6.014335427768729
p4 FM1,2,22394,5.0,41.3642,0.2768681502647495,0.040797034008250015,0.04845168384340252,0.09401009582728463,0.003242375160938891,0.05975095642353546,0.03579679958552478,0.02167521199078948,0.04804653459665121,6.438446914921717,39.0,193.5829523679431,0.2549019607843137,4.333333333333333,19.121085620915025,7.5366238137665205
p4 FM1,2,22415,6.0,47.3799,0.19592139121710042,0.04311923931574181,0.057635815728232044,0.08705039528859818,0.003690868198745836,0.06602511257113866,0.054043698771335386,0.03967420893002784,0.057582468384633746,6.623504643703716,44.0,222.10696754606963,0.23157894736842108,4.4,18.73303,5.243567623493072
p4 FM1,2,22417,5.0,37.02729999999998,0.25504575704124816,0.03966825185556806,0.05137033880757003,0.08590897951030416,0.002972091277956243,0.05953827522046709,0.03314055558517141,0.02183338398348088,0.05080720575534531,6.535976211976719,37.0,182.81520705543176,0.27205882352941174,4.352941176470588,18.040435294117657,7.615655196363615
p4 FM1,2,22419,7.0,69.30509999999997,0.1994333115979412,0.04706690651315445,0.06006372434943794,0.20236868067467587,0.004988631689617189,0.0720164572368313,0.07875846043415402,0.07006565938306093,0.059781757687280196,6.333027107728845,47.0,239.67642599206795,0.22380952380952382,4.476190476190476,21.410900952380967,5.96447640367613
p4 FM1,3,22622,7.0,57.976099999999995,0.1377526305691152,0.023838069267437503,0.03573631898247154,0.002303437451796615,0.0028144231731375294,0.05495763775136584,0.056417276106243114,0.03797299086421308,0.03597217172434301,9.410728410713467,47.0,239.77632980096274,0.22380952380952382,4.476190476190476,18.659909523809542,5.426045310406186
p4 FM1,3,22625,6.0,51.6148,0.18192455944421612,0.023192963526135205,0.04263010488766014,0.004223489413867902,0.002421652443581977,0.050294913479731106,0.04156525064166041,0.024170434611431212,0.042015691341132304,9.299848284027952,42.0,210.3219311241761,0.2456140350877193,4.421052631578948,19.712657309941527,6.8491894000914195
p4 FM1,3,22632,6.0,54.660600000000024,0.1954792092384538,0.023181872447609657,0.03249311284293897,0.0036297912966922617,0.0025928240468630088,0.04983910135594491,0.04160970183202705,0.02391152913399408,0.03294450078394223,9.158426321917284,40.0,199.64460385297403,0.26143790849673204,4.444444444444445,19.069642483660132,7.10494770800436
p4 FM1,3,22645,7.0,72.38300000000001,0.17459788797515643,0.024770808892784813,0.06090598544042238,0.009346019389288357,0.0032032192509352598,0.05490014692390993,0.05839602747668123,0.04132855228054559,0.060652574431682725,9.101207530889864,47.0,240.74584924235168,0.22380952380952382,4.476190476190476,21.41414190476191,6.548020898075346
p4 FM1,3,22655,5.0,40.66669999999999,0.23009926483323948,0.021910153152767554,0.021864387825330713,0.005938372140070499,0.001961825659543116,0.045661309125099886,0.028202239730055832,0.014893294035209578,0.02171355021246161,9.111968380685376,37.0,184.05129525312515,0.27205882352941174,4.352941176470588,18.766158823529416,7.690792782249352
p4 FM1,3,22658,5.0,44.40149999999999,0.24636536346438193,0.022998290561019766,0.0220675011760735,0.010629552451862733,0.002078953617788007,0.047358075753868314,0.03971192917624125,0.028170749277520557,0.022320212012208417,9.000955661876583,41.0,205.47818156773167,0.23976608187134504,4.315789473684211,20.181250292397674,6.333084669519101
p4 FM1,3,22664,6.0,57.78009999999998,0.21208794961242008,0.024550374333995952,0.04872101739208529,0.017978833135529754,0.0026216393541055516,0.053099517579999984,0.058324430978356864,0.06269653031749146,0.048983596466128536,9.069037509681877,50.0,255.91569131044267,0.1976284584980237,4.3478260869565215,21.618451383399226,5.330529415557956
p4 FM1,3,22730,5.0,32.75739999999999,0.18912329206728856,0.020679830086412217,0.0741080421085016,0.000826443081598693,0.0017696669388701353,0.04619573192705414,0.028443850837228668,0.018264956455656553,0.07487604331075277,9.688837160089662,39.0,193.58295236794396,0.2549019607843137,4.333333333333333,16.26382418300654,6.334032311049245
p4 FM1,3,22737,5.0,36.371800000000015,0.2057720947286128,0.02112998801920709,0.02450514195431424,0.0014464149432543657,0.0018852139443767345,0.04574407500478455,0.028036888397423774,0.014895721352412935,0.024769119280598918,9.405857017246625,37.0,182.81520705543173,0.27205882352941174,4.352941176470588,17.29671323529413,6.863568856797769
p4 FM1,3,22749,5.0,39.3804,0.21989733848919696,0.02182671130639199,0.025205041435326748,0.001774763408627333,0.001982550308221675,0.04625892009864419,0.03283773546044287,0.01949176720953163,0.02568171987529594,9.30988287885644,39.0,192.3511938760107,0.2549019607843137,4.333333333333333,18.044882352941176,6.572289889044032
p4 FM1,3,22751,6.0,50.356300000000005,0.18029597145111886,0.023070045978042193,0.048880808110473344,0.002860142091821641,0.0024146640041118723,0.05033327287313053,0.04191190160756972,0.024227130513880788,0.0493890257942503,9.32974977045612,42.0,211.64172734696638,0.2456140350877193,4.421052631578948,18.760645614035106,6.589114943502835
p4 FM1,3,22766,7.0,66.34710000000001,0.16252813518398934,0.024394443592246684,0.05733234727033729,0.004846486486885978,0.0030569107423289252,0.054574234210467004,0.058017802145504664,0.04376150230330582,0.05731376322387067,9.249518547685664,45.0,228.77972605051065,0.23684210526315788,4.5,20.06912210526315,6.631402126249827
p4 FM1,3,22784,5.0,39.97649999999999,0.23148287904219242,0.02189198345635771,0.04225381790805877,0.004424175953433638,0.0019365005004378362,0.046082510249712355,0.029235645672329866,0.016554747820726422,0.04210298029518969,9.274642072286149,39.0,193.5829523679437,0.2549019607843137,4.333333333333333,19.100607189542472,7.104940737974267
p4 FM1,3,22785,5.0,44.38890000000001,0.24485621406531557,0.022535888022700307,0.012541629161834364,0.00952972186650696,0.0020711316616200113,0.04570433325580273,0.031748800345398814,0.015357158217490155,0.01277987777242321,8.875523440197004,35.0,173.33432235223552,0.2916666666666667,4.375,19.380636666666657,8.848602762209861
p4 FM1,3,22801,7.0,63.32219999999997,0.1493225185995347,0.024235037581325097,0.03187374694944535,0.006017163144546704,0.0029890867375072694,0.05453893721730603,0.05797642692137742,0.04327208691094169,0.03167991922251673,9.238615022570656,43.0,219.46866197248107,0.25146198830409355,4.526315789473684,18.720530994152064,7.00232807192428
p4 FM1,3,22802,5.0,37.75339999999999,0.2147117204943033,0.021677527829747727,0.03969078564109612,0.007650804599120387,0.0018583423895234942,0.045959212506165296,0.027726978916595958,0.020212435455297512,0.040202773486952066,9.332770978614654,37.0,184.05129525312466,0.27205882352941174,4.352941176470588,18.765338235294106,8.063554083607583
p4 FM1,3,22926,7.0,60.14589999999998,0.1438854365505978,0.02409640181874311,0.028861099147025452,0.0014371918570005506,0.002965250980786781,0.055590498286362554,0.06334196114207796,0.046885598580290004,0.02970571069393821,9.450345578842791,49.0,249.2917127700371,0.2121212121212121,4.454545454545454,18.57765238095239,4.981981816004649
p4 FM1,3,22927,6.0,53.65930000000001,0.19304144004699034,0.02322829867696792,0.04723219919612625,0.003008380598890195,0.0025641775955099052,0.05070888869651268,0.043865997573799276,0.024875148515359467,0.04830087472585727,9.217523493768903,44.0,219.9923402767091,0.23157894736842108,4.4,19.688337894736843,5.763790044863152
p4 FM1,3,22936,5.0,39.63789999999999,0.22804491812004174,0.021667351590063555,0.03357850536873666,0.003599944678120538,0.0019220677226772433,0.04567900749621435,0.026891950865267463,0.014395084244746571,0.033564801534636195,9.241704447481757,37.0,182.8631811503472,0.27205882352941174,4.352941176470588,18.559410294117633,7.732336248046147
p4 FM1,3,22944,6.0,48.59049999999998,0.16973382610220536,0.022974653580438036,0.023176342958346335,0.001006872540552628,0.0024763307808921857,0.0509273300126815,0.048452725944162445,0.03690609160965021,0.02463362742820098,9.503045015026013,45.0,230.41362118074866,0.23684210526315788,4.5,17.835204210526303,5.9243819701948155
p4 FM1,3,22961,5.0,44.28309999999999,0.2536306655976703,0.022293020077999055,0.02919790230150404,0.0045830575420147505,0.0020901081333523624,0.04606280987800754,0.03047222180126263,0.01696157520459341,0.029292491711043707,9.03608520986242,39.0,193.68165931979053,0.2549019607843137,4.333333333333333,19.831315032679733,7.434870209732866
p4 FM1,3,22962,6.0,60.03509999999999,0.21193605503181542,0.02382712507913609,0.03547428389406391,0.0063345476673284445,0.0027133375039316717,0.05071810091270904,0.04637407394966946,0.026442411124749526,0.035471622079330155,9.023032310460408,44.0,219.9923402767074,0.23157894736842108,4.4,20.948185263157892,6.310806165996807
p4 FM1,3,22969,6.0,48.19280000000002,0.17739539146292646,0.023085216839623952,0.05795067371278492,0.002005441072311249,0.0023880167917873867,0.05095423245492055,0.04720706947462208,0.04316953536793012,0.057815309504788526,9.52670286765758,44.0,219.93953893083656,0.23157894736842108,4.4,18.702756315789482,5.377778527899107
p4 FM1,3,22970,7.0,73.82359999999998,0.17618816538194204,0.02479978951890204,0.039904505084922416,0.008771414417114999,0.0032415087604666113,0.05493180407615376,0.05912648859595306,0.03749267587526673,0.03973137777656663,9.04534630810101,47.0,239.63739340526303,0.22380952380952382,4.476190476190476,21.787227619047627,6.515424987900905
p4 FM1,3,22971,5.0,44.97149999999999,0.24671059444463542,0.02254142268489564,0.024449380757614065,0.005530646494985945,0.002118437961025911,0.046299772652949614,0.03415914430498935,0.01968511039577009,0.024693608599962148,9.061770005498547,39.0,192.40184659864974,0.2549019607843137,4.333333333333333,19.66805555555556,7.759561291976713
p4 FM1,3,22986,6.0,47.820200000000014,0.1694368786453403,0.023083532102503235,0.04202996574493984,0.001705951117749849,0.002443601279868197,0.05100415273943429,0.05161163782755632,0.048090714359619535,0.04268128185848451,9.572659376676844,44.0,218.74954731526378,0.23157894736842108,4.4,17.999196842105274,5.598254437465142
p4 FM1,3,22987,6.0,50.916199999999996,0.1807701335446777,0.023431789762860294,0.04677337256330681,0.003411688575040122,0.00245680525092241,0.05094084591186678,0.04867863154776772,0.036702036517868734,0.04750218963585113,9.37473797044301,44.0,219.89767135165465,0.23157894736842108,4.4,19.294849473684206,6.2974907796441935
p4 FM1,3,22988,5.0,40.71990000000001,0.2475090451297392,0.022184685271156118,0.0664140266264132,0.007528424472423523,0.0019002595911414566,0.04655654779725826,0.02911407382783806,0.017863845318905926,0.066877334456199,9.179170656995105,41.0,204.40582593423335,0.23976608187134504,4.315789473684211,21.048261988304112,7.248341557020066
p4 FM1,3,22989,7.0,69.13529999999999,0.16904753141976522,0.024873788781293787,0.06464447392206418,0.010291830471342219,0.003042476546942791,0.054896914834703936,0.06084600565208551,0.044087342952211166,0.06487022926515247,9.132896188550035,45.0,230.12361369711587,0.23684210526315788,4.5,21.350074736842107,6.991665623261813
p4 FM1,3,23003,7.0,70.0242,0.1733560320771695,0.024777891617873346,0.05166162586917431,0.01365120090897725,0.003119479077347582,0.054922656646841005,0.0581255167743007,0.04209094710821078,0.05204941907717846,9.092489462304178,45.0,230.1167380086449,0.23684210526315788,4.5,20.84407684210528,6.505799758501039
p4 FM2,0,4,7.0,59.072,0.18537311622577496,0.0830509921241449,0.09867569479377288,0.104608183728267,0.009560501287674784,0.10541900300523668,0.12007400813853598,0.12990305383369036,0.09733364732171984,4.903190308362073,47.0,239.63366437607917,0.22380952380952382,4.476190476190476,18.454864761904744,5.593939708317112
p4 FM2,0,25,5.0,38.199799999999996,0.26308410020819484,0.06976549248603321,0.029976871047232817,0.03637838367037906,0.006933130320612734,0.08630111587524525,0.05627966830969771,0.036714673359337216,0.030077895625366998,4.524891385352951,37.0,182.86318115034692,0.27205882352941174,4.352941176470588,16.22073088235293,6.303081080520218
p4 FM2,0,32,6.0,47.609899999999996,0.2197036207082439,0.07593164292934355,0.06104381623465594,0.10773136845214196,0.007993288905804257,0.09441572623461415,0.08347587351328736,0.06805238070428489,0.06088642591505186,4.530183039260473,40.0,199.5979082221964,0.26143790849673204,4.444444444444445,17.723885751633972,6.754609562256609
p4 FM2,0,34,7.0,64.0055,0.19000169760890642,0.0828121332678407,0.06610259425437416,0.1459382873063315,0.01007599942813234,0.1039990106705003,0.12258988730593907,0.11495139437148491,0.06525800058719906,4.699016395227371,45.0,228.8939780952636,0.23684210526315788,4.5,18.620985368421067,5.667015338021985
p4 FM2,0,35,7.0,64.0854,0.19724040862501596,0.0834442091684693,0.11879237745356358,0.2002748048652309,0.009942853551558046,0.10527326088877012,0.12617776047264406,0.12424549776718934,0.11730769230769231,4.678724334204906,47.0,239.77741618505453,0.22380952380952382,4.476190476190476,19.886206952380967,6.036954485252834
p4 FM2,0,37,7.0,66.7167,0.20817101590080087,0.08296747346946945,0.11827101064916684,0.25202827857851656,0.010176019024363984,0.10704049477089705,0.12858466836674193,0.13549239399167506,0.11744348209042865,4.568330286087257,54.0,281.49610403220015,0.1956521739130435,4.5,21.120165909420294,5.067885875493487
p4 FM2,0,40,5.0,40.32967199999999,0.28176393279202283,0.07136123627408761,0.04329516539440204,0.1406164961985883,0.006554072958533559,0.08576251955105105,0.0517924854466204,0.034704265843860126,0.043115091015854375,4.500591018616137,35.0,172.1509158909804,0.2916666666666667,4.375,17.284946783333346,8.527682079482771
p4 FM2,0,43,5.0,37.15786000000001,0.2657502562636526,0.07043265936740538,0.07244903951010818,0.1436823722282262,0.006096776958435471,0.0878340914158846,0.05346545196866376,0.0476560772167947,0.07168599530240752,4.557294756992962,39.0,192.4018465986492,0.2549019607843137,4.333333333333333,18.13005024183008,7.370179193013026
p4 FM2,0,78,6.0,50.339999999999975,0.22595438700026974,0.08010393112259333,0.07160169755978943,0.16675337138625315,0.007911906280502866,0.09653900082549449,0.0884960110014158,0.08641317890837329,0.07164807202975142,4.8339092526469685,42.0,210.32193112417661,0.2456140350877193,4.421052631578948,18.84026046783627,7.028153962518021
p4 FM2,0,81,5.0,35.764289999999974,0.26061193942089933,0.07257456594914641,0.08132315521628498,0.14071729472151664,0.005866147322508782,0.08819202269769114,0.0564840623566264,0.05354032846758087,0.08131972988843218,4.779516117482342,39.0,193.58295236794353,0.2549019607843137,4.333333333333333,18.445293045751622,7.168380888112563
p4 FM2,0,83,7.0,64.91731999999999,0.19685073021314767,0.08444928709939473,0.08995953629862323,0.2040427304643267,0.00993743817324849,0.10546417367132062,0.13195917895244447,0.12912883906150227,0.09032528381287923,4.626213514778015,49.0,249.19755320117181,0.2121212121212121,4.454545454545454,19.936220311688313,5.26147358049314
p4 FM2,0,84,5.0,36.733959999999996,0.26272334907903633,0.07114396844427454,0.04621843805049911,0.137509423544572,0.006046678854943755,0.08626403449584384,0.04878493402765906,0.03849757525106069,0.04612081620669407,4.702567305463396,35.0,173.33432235223532,0.2916666666666667,4.375,17.60004868333333,8.246745233572714
p4 FM2,0,123,6.0,42.952400000000004,0.19225316022424346,0.07286110998113834,0.05837975413292628,0.03287578388378461,0.00774065861891806,0.09471478638005704,0.07388027611978999,0.05715203574264624,0.058380176730606116,4.871396200782456,40.0,200.8695677538577,0.26143790849673204,4.444444444444445,16.13481045751633,5.863565554450523
p4 FM2,0,129,5.0,36.47220000000001,0.2508139633980794,0.07317861016476142,0.028797940706521287,0.044818827563307934,0.006485041186446555,0.08951747594676944,0.07042522452920012,0.06660654898449812,0.028488533307235598,4.843867579425107,41.0,204.40582593423267,0.23976608187134504,4.315789473684211,16.18089239766083,5.342361658010805
p4 FM2,0,130,5.0,34.44070000000001,0.24516481748556798,0.07084595325564529,0.04587715918758325,0.044164128509453476,0.006165473849411062,0.08807780342453914,0.05831497133333317,0.05033798262533783,0.0459902765544464,4.90339198350177,39.0,193.58295236794314,0.2549019607843137,4.333333333333333,16.456749673202626,5.864956138233275
p4 FM2,0,135,7.0,58.22109999999999,0.18051973707582683,0.07982865513896094,0.0750659325044681,0.08075874722748624,0.00968270396076443,0.10280489708357839,0.10331623552431769,0.08502889163039334,0.07503532369348209,4.77550838106398,43.0,219.26676591949692,0.25146198830409355,4.526315789473684,17.52659532163744,6.489707101341329
p4 FM2,0,142,7.0,55.60850000000001,0.17086422075311755,0.08315696735025112,0.09690429901839928,0.0831877173371019,0.009144205676623723,0.10722799802869644,0.12922284777291562,0.15562089434293477,0.09732661316630781,5.07089025929746,51.0,260.0797131740789,0.2015810276679842,4.434782608695652,18.070082213438738,4.222402251673885
p4 FM2,0,148,6.0,46.319199999999995,0.21154539787943152,0.07747563189941675,0.09582644617070332,0.08378060327257995,0.00765668972059066,0.097238868971209,0.08677699981875635,0.09323841293736161,0.09561639590265547,5.125542597680304,44.0,221.13902147275692,0.23157894736842108,4.4,18.218316315789448,5.630067069288067
p4 FM2,0,151,5.0,40.2987,0.2725505461237754,0.0734611725682156,0.025489612169001478,0.09422334625357576,0.006790206897855984,0.08691183773117424,0.06539177689138125,0.04629277468191452,0.025894255235858286,4.458373493052353,37.0,182.8152070554316,0.27205882352941174,4.352941176470588,17.3375338235294,6.824117608013757
p4 FM2,0,152,6.0,47.290400000000005,0.21540443696636277,0.07500112490792268,0.04837626912788392,0.06460951401514875,0.00816761436727455,0.09481847509859159,0.08164857122529974,0.06307039617048885,0.04779922685457036,4.548257474547423,42.0,210.32193112417568,0.2456140350877193,4.421052631578948,17.281418713450293,5.681140291803354
p4 FM2,0,158,5.0,34.141499999999986,0.23912422311355316,0.07192612602309728,0.06874718650045038,0.07691057581114634,0.005842908255498889,0.08760263467704496,0.05634023182629983,0.05493998724772315,0.06848820708553534,5.082102807575703,37.0,182.86318115034732,0.27205882352941174,4.352941176470588,16.967211764705883,7.431133316236609
p4 FM2,0,159,6.0,47.612599999999986,0.21219686016170874,0.07921959991000956,0.09128886792840431,0.11324381189761967,0.0077227677121250215,0.096592084450974,0.08883231122618403,0.09434352480300695,0.09203325830234226,4.9616232580056145,42.0,210.53881833539404,0.2456140350877193,4.421052631578948,17.6518350877193,6.283842968281377
p4 FM2,0,161,5.0,38.191599999999994,0.27154056365287815,0.0738937923940271,0.07409667915405872,0.0972610792336407,0.006388791833412307,0.08821626025694347,0.06333332109792196,0.05965072048285151,0.07375250782932082,4.685814010506401,39.0,193.5829523679434,0.2549019607843137,4.333333333333333,17.94307058823528,6.5116996827937745
p4 FM2,0,164,6.0,50.167,0.22808607001919867,0.08058382802897474,0.09306206773304479,0.15253457621667355,0.007935626765231373,0.09816387807290684,0.095204528848384,0.10768823102324765,0.09409253278528087,4.831430762125608,46.0,230.71963395658466,0.21904761904761907,4.380952380952381,19.38583790476191,5.354430282582415
p4 FM2,0,171,5.0,36.90509999999999,0.2643952243603905,0.0733301188328607,0.06330184757328403,0.11007246096927442,0.006129971050971744,0.08737866300253012,0.05888656910441458,0.053191051872642794,0.06269002414040582,4.909986450924004,37.0,182.91421865833857,0.27205882352941174,4.352941176470588,17.532606029411763,7.703991478998488
p4 FM2,0,177,7.0,62.469139999999996,0.1898698449660148,0.0837336710792824,0.08281654797215575,0.22782281959275544,0.009522586854343696,0.10600950976776825,0.12248957955182145,0.12397348207446282,0.08405020551967117,4.753078667470233,49.0,249.4122767354299,0.2121212121212121,4.454545454545454,20.224313679653676,6.01870536873142
p4 FM2,0,180,5.0,41.76932,0.2915095311760897,0.07413482347260429,0.04133822235701272,0.1469870180581002,0.006891717999332053,0.0883852400431323,0.07112904169325036,0.058551388118688305,0.0419150029359953,4.398755056424824,41.0,203.17191012737524,0.23976608187134504,4.315789473684211,18.824670175438605,6.778768595169553
p4 FM2,0,184,6.0,51.89985999999999,0.22596695749724408,0.07674258051543223,0.05600984257472808,0.18317875068405173,0.008160095523301356,0.09503275986438284,0.0770740703509545,0.060838634247924885,0.056587639459776864,4.53377784850206,40.0,200.96589774269026,0.26143790849673204,4.444444444444445,18.358318823529423,7.145834161252382
p4 FM2,0,193,7.0,66.289632,0.1995592784553077,0.08233496629116056,0.07795654726952438,0.21500378136427262,0.010154809425081828,0.10405377462742174,0.12375348490042735,0.10743470202981006,0.07787727539635937,4.511229925182258,47.0,239.80527159157876,0.22380952380952382,4.476190476190476,19.685191942857152,6.234722369418233
p4 FM2,0,206,6.0,49.869110000000006,0.22531791280107422,0.07495966637104737,0.07716284987277353,0.15764474316501936,0.007920044851154912,0.09485762658574787,0.07667965395587444,0.06681691348703848,0.076952436876101,4.523718063810952,42.0,210.41442216480323,0.2456140350877193,4.421052631578948,18.582712514619892,6.5598656835221005
p4 FM2,0,208,6.0,50.93489199999999,0.23539348934734652,0.07448310820332757,0.058769398540390906,0.15796837983102424,0.008081740384876985,0.09382721780571371,0.0704719143624762,0.05182424983138574,0.05924104521432766,4.451130960690897,38.0,188.92502356733348,0.27941176470588236,4.470588235294118,17.594994058823538,8.409268389502087
p4 FM2,1,29678,7.0,57.7091,0.16931552021860105,0.04879874420069379,0.07178833116004626,0.08551851904024697,0.005381748499939697,0.07853319184451005,0.07925111292157117,0.08623539971587615,0.07218035343035342,6.615222641644406,49.0,255.02255291769478,0.2121212121212121,4.454545454545454,18.618418181818203,5.1260044410964305
p4 FM2,1,29682,5.0,37.32410000000001,0.24752191448736544,0.04386038979189196,0.035248622909200375,0.064109312542147,0.0035743082312940846,0.06490963081077884,0.0417249814679825,0.028476380770729354,0.03504223609922139,6.072011914526889,39.0,196.885004350651,0.2549019607843137,4.333333333333333,17.80081633986928,5.698048769362449
p4 FM2,1,29694,5.0,43.6963,0.27873216809584067,0.04676994448459901,0.02190847511336983,0.157934090690713,0.0038983563285849626,0.06661801274996892,0.049365822579901485,0.04132765794957326,0.023037814398108515,6.010954371130886,43.0,222.54373309648147,0.2263157894736842,4.3,19.978443157894745,6.34175715222351
p4 FM2,1,29695,5.0,44.33299999999999,0.30725514330946324,0.046695846353198074,0.05568895874185648,0.16533719191430551,0.0038993545270780824,0.06680351461224969,0.04979085675091195,0.05033251880484806,0.05431138151726387,6.054445590673275,44.0,227.75058219887794,0.23157894736842108,4.4,20.986081052631576,6.411752934422534
p4 FM2,1,29706,5.0,37.6507,0.2595338084305364,0.045120033947217184,0.03414737246923551,0.09558790699247086,0.0035225636849445835,0.06537245131311872,0.04924328166105266,0.04305498015317736,0.03486956979604038,6.243097847099503,40.0,202.94955197468062,0.26143790849673204,4.444444444444445,18.544320261437917,7.599952102812515
p4 FM2,1,29711,6.0,51.6566,0.22517603031900738,0.04930261113877643,0.14344876538577492,0.14114900235493885,0.004552653372986921,0.07254297532521396,0.07632439175640952,0.0847719155104896,0.14350252401722988,6.405143123171853,46.0,230.765114283351,0.21904761904761907,4.380952380952381,20.283378095238092,5.696534116900659
p4 FM2,1,29717,5.0,39.266900000000014,0.27636768780928955,0.04339493515084857,0.06648033866559284,0.11419183804406581,0.003567569266029324,0.0631690656125203,0.035476435804308634,0.01989189096081009,0.06663889568301333,5.835211835134737,35.0,172.19936936508884,0.2916666666666667,4.375,18.52127750000001,9.029152868449343
p4 FM2,1,29733,7.0,70.76110000000003,0.21155275055555064,0.052171522242817354,0.05473712385471301,0.189158658898963,0.005931031360876623,0.07834727215347276,0.10753390528373018,0.11503256139649654,0.054471468074409245,6.0766736594773025,49.0,248.04620888901968,0.2121212121212121,4.454545454545454,21.671964069264046,5.790049189414006
p4 FM2,1,29736,6.0,55.87160000000001,0.23908564438810262,0.04725374058765942,0.029443676796492596,0.15230208335837497,0.0047963258884248725,0.06873166965331683,0.05749261791232209,0.030626993908124147,0.029434270243093773,5.7633803929492,38.0,188.92502356733334,0.27941176470588236,4.470588235294118,19.04673823529413,8.712650420983477
p4 FM2,1,29801,6.0,49.539399999999986,0.21408575657279996,0.04712853454416886,0.06802626884237706,0.07011820300440064,0.00457253829168144,0.07050095159929595,0.061154374537853516,0.04983999866858475,0.0682745811422282,6.185833277026568,40.0,199.641377577316,0.26143790849673204,4.444444444444445,18.21840849673203,7.310834372055157
p4 FM2,1,29802,7.0,57.23000000000002,0.16779898783940717,0.04846825890247245,0.05553708218489413,0.058818448501208105,0.005430416105876178,0.0774734850296627,0.08251044086605815,0.08036740247866468,0.055901525111083934,6.401087892923839,47.0,238.41112950627274,0.22380952380952382,4.476190476190476,17.999845714285716,5.054726935185322
p4 FM2,1,29808,6.0,49.04430000000001,0.2188759850878939,0.0476236108233788,0.0654648373016192,0.0820125307145461,0.0044553936754275665,0.07206347919571876,0.06218736166651428,0.05479967801345545,0.06469572301373772,6.162231592700199,46.0,233.78307593350524,0.21904761904761907,4.380952380952381,19.487654285714303,4.984978259120439
p4 FM2,1,29821,5.0,40.85359999999999,0.28134082396048354,0.0455943360229196,0.08864287189124685,0.10299785993000286,0.0037409215016270944,0.0659087344862471,0.04761383667453886,0.04144751665329027,0.08938052871876401,6.200465658533802,41.0,204.1951784407395,0.23976608187134504,4.315789473684211,19.45038479532166,6.763465371789134
p4 FM2,1,29823,6.0,53.09110000000001,0.23263172526972842,0.04855463675838982,0.05218505289950871,0.11682896893293354,0.004754611079136476,0.07252768897124542,0.06867860779511535,0.07612330020179577,0.05235594757653581,6.226953261343859,47.0,241.28615917550107,0.22380952380952382,4.476190476190476,19.477262857142875,5.816580023584305
p4 FM2,1,29835,4.0,25.338400000000014,0.32271415956472993,0.0382459321531127,0.0405510263794716,0.061147585547191796,0.0026281048766055495,0.0586968650571924,0.02240976757320544,0.01849873689438965,0.0411182534344299,6.49978387945793,34.0,169.69741479601612,0.2833333333333333,4.25,16.957449166666652,7.300214288978909
p4 FM2,1,29836,6.0,43.57770000000001,0.1844769855802458,0.044913904565806045,0.05606570408503976,0.06704934988394654,0.004264242407683837,0.07166987781945994,0.052157481252275,0.050134269731600394,0.0560438832497656,6.604846750274319,44.0,229.36775078441542,0.23157894736842108,4.4,17.540614210526314,5.0976328989335435
p4 FM2,1,29848,5.0,38.575599999999994,0.2699297822600049,0.04406934148517087,0.03872450128198994,0.07458071100063304,0.00367855283946242,0.06487292983365674,0.039535830985460985,0.028653664067150572,0.03869434338184338,6.105904624321078,40.0,206.8069488133926,0.26143790849673204,4.444444444444445,17.838145751633977,7.184411806319761
p4 FM2,1,29850,8.0,74.06030000000003,0.15935717277990097,0.052126686698518755,0.13220888239896617,0.1688567793533628,0.006400182078265381,0.08319945356474087,0.09705239918793426,0.08900576381532393,0.13177650218091394,6.36453048509044,48.0,255.09648479301282,0.22857142857142856,4.571428571428571,19.942785714285723,6.976680577311666
p4 FM2,1,29851,6.0,55.59520000000001,0.23750332484558687,0.04850588912036131,0.04370844592921278,0.1472690808932138,0.004936472116915396,0.07206478663672009,0.06302766287036336,0.0617461909249379,0.044154590110472465,6.196038845793175,44.0,226.94088439372013,0.23157894736842108,4.4,20.051502105263154,7.055482182458671
p4 FM2,1,29856,7.0,67.29539999999997,0.20513586439472423,0.05174956809990187,0.06509460570966812,0.2059238359158375,0.005690062339398482,0.07938588547638231,0.09026703465252728,0.10382248540713539,0.06559366210101504,6.207720020051112,52.0,275.4271751281535,0.20553359683794464,4.521739130434782,21.503477470355712,6.175961243773921
p4 FM2,1,29869,7.0,66.1971,0.1893407514644105,0.05114388060318135,0.036512325782456355,0.14757278358865875,0.0058140010423378624,0.07808343195216612,0.0857914240744468,0.0796742646372953,0.03655069096245567,6.099851009748248,50.0,266.6843601114012,0.21645021645021648,4.545454545454546,19.79082683982685,5.583441640195307
p4 FM2,1,29870,4.0,26.05150000000001,0.33751974908968035,0.03931378224202191,0.09136002811431487,0.08044992143010021,0.0026084386499200694,0.058742625306384924,0.02256125469570666,0.019114156297331243,0.09076238993518405,6.293452297444931,34.0,171.18872765665552,0.2833333333333333,4.25,17.405295833333334,7.904547394262993
p4 FM2,1,29872,8.0,76.0788,0.16491943796300831,0.05126530670882155,0.0981554641160837,0.17702115563832763,0.006631249578219187,0.0832908654209607,0.09608062270915228,0.09005931379530427,0.09743220313073254,6.295346166864077,48.0,253.58946549943454,0.22857142857142856,4.571428571428571,20.08409523809524,6.788110580593574
p4 FM2,1,29885,7.0,62.987,0.19185113162484133,0.05121989877039543,0.1226303236740941,0.19551925146094926,0.005403890839501566,0.07811543500886517,0.08519105877095494,0.0899506490190433,0.12345900765018411,6.3597021215515515,47.0,245.77365247235923,0.22380952380952382,4.476190476190476,20.53459619047619,6.410498818606905
p4 FM2,1,29886,8.0,80.44209999999998,0.17976507197455624,0.05377779428516822,0.08713421346033456,0.27795867264828705,0.00656133430640094,0.08532685501917556,0.11524840968001802,0.13736023542359518,0.08594928355957768,6.168101166624633,55.0,292.14254547049285,0.19927536231884058,4.583333333333333,22.618315217391324,6.1414965984937355
p4 FM2,1,29887,5.0,46.4086,0.3116401137630461,0.046955708444879105,0.023640097727765652,0.1757482821073587,0.004030508499799874,0.06655687764469723,0.05054164581686253,0.044541920800496765,0.023931454078512902,5.920059857356827,43.0,217.04588013272445,0.2263157894736842,4.3,21.044754210526307,6.023743761355828
p4 FM2,1,29896,7.0,66.98939999999999,0.20440021220652055,0.050299756468638726,0.10636710408545819,0.18160064903347303,0.005694160912498521,0.07800078800122646,0.08565559058847905,0.07117207840588637,0.10638961925726631,5.994787993698648,49.0,250.22246800182552,0.2121212121212121,4.454545454545454,21.267901298701297,5.71799792417097
p4 FM2,1,29902,6.0,54.961400000000026,0.23347885933908158,0.05004423870261968,0.06897386739498959,0.1992201101996455,0.004643942373378918,0.07305817484022167,0.07933529533135363,0.09359952858467639,0.06810685119508648,6.19643847791664,48.0,242.61154165442804,0.20779220779220778,4.363636363636363,21.64599004329003,5.4225067794488595
p4 FM2,1,29904,6.0,54.557300000000005,0.23638178168382287,0.0476883161324999,0.07820010334709954,0.1783382227755871,0.004658326650223286,0.0705839976352112,0.05845962374624346,0.044898848229197,0.07810355604473251,6.104244821865557,42.0,211.4723785386375,0.2456140350877193,4.421052631578948,20.494437426900582,7.049877229743187
p4 FM2,1,29905,6.0,57.22640000000001,0.24544442763625765,0.04829671593089821,0.04777378947857213,0.19017682580767273,0.004876733435138239,0.07073686401173795,0.06026072696954556,0.04230211283906653,0.0486584576658106,5.891968922909905,42.0,212.61667553229745,0.2456140350877193,4.421052631578948,20.790401169590645,7.189240415990734
p4 FM2,1,29927,5.0,44.7296,0.29365287815178254,0.0459835230415325,0.04647324549159962,0.14565454876295508,0.00390112707999393,0.06425535625096442,0.04972742746007957,0.03254920725214634,0.04675419197478021,5.948906320993993,37.0,181.63620605048354,0.27205882352941174,4.352941176470588,19.731713235294112,7.799538701247985
p4 FM2,1,29928,5.0,42.15280000000002,0.2836195363896956,0.04370373867770125,0.028164997452327773,0.12167634536144024,0.0037835978002185113,0.062321167685771416,0.034821024109543526,0.016147289145795586,0.028294980500862852,5.723015474822299,33.0,161.49160992172526,0.31428571428571433,4.4,17.818958095238102,10.241274405761699
p4 FM2,2,29944,5.0,35.41290000000001,0.2803857903290571,0.030661759608661052,0.06598204833090128,0.04082191772020341,0.0024678361640862005,0.05612556225811257,0.04217028370043735,0.04014932638952811,0.06698440758902303,8.093809226161563,44.0,226.91474681717645,0.23157894736842108,4.4,18.543381578947365,5.877613702565957
p4 FM2,2,29962,6.0,49.38549999999999,0.25026421540359467,0.03275694114257913,0.08526250948225375,0.09880092275628541,0.00325109323353413,0.05991103313107745,0.05784761803517594,0.06103437773923932,0.08608649011789182,7.840886777005537,44.0,218.74954731526412,0.23157894736842108,4.4,18.717843157894723,5.90258220775521
p4 FM2,2,29986,7.0,59.42219999999998,0.20178389136639796,0.03489407965670134,0.06764302284399072,0.056688705868739746,0.003941224023558559,0.06800127870387984,0.08568534698180082,0.104091213210033,0.06826146427652041,8.097988689007211,56.0,298.3034833923589,0.18666666666666668,4.48,20.218077333333316,4.868239596354148
p4 FM2,2,29994,4.0,29.694599999999994,0.4077232883715864,0.027821364013174265,0.023855971455563424,0.022099703590404415,0.002180596573610865,0.049401066938813895,0.023253643401869622,0.01401112721912581,0.02402656506115244,7.687746220849439,35.0,179.39278517710142,0.2916666666666667,4.375,16.669279166666666,8.292059329665374
p4 FM2,2,30025,7.0,61.85209999999999,0.21088537679586639,0.03450708548098689,0.0684687914038278,0.17209822452150628,0.00393314528068041,0.06545531946711113,0.07758606083604666,0.07316782146328889,0.06818891881278107,7.674660216807774,49.0,248.0449051006838,0.2121212121212121,4.454545454545454,19.945463636363613,5.6579961001334365
p4 FM2,2,30030,6.0,48.32330000000002,0.23767510790937554,0.031624916310391424,0.06640598204240658,0.027494971888643388,0.003339133301561254,0.058902373972330856,0.04930999449428227,0.03423113012098891,0.06748070954210973,7.87435835761999,42.0,209.21794618513428,0.2456140350877193,4.421052631578948,17.803729824561394,6.38669088737241
p4 FM2,2,30037,6.0,47.489699999999985,0.23280613841883568,0.03152987970601519,0.03276904429531711,0.08019005005693174,0.0032471564219026085,0.0586262080526585,0.04711193803035026,0.03356024497348373,0.03168256045085915,7.6911572140957025,40.0,199.6446038529736,0.26143790849673204,4.444444444444445,16.807224183006543,7.152177603073119
p4 FM2,2,30046,6.0,50.38629999999998,0.24384412590753754,0.03222517838226577,0.033194969126857606,0.040899291320378325,0.0033679353647915033,0.05906487048576263,0.049690120021831485,0.03417306778954039,0.03365832469765267,7.835250081219072,42.0,210.46209550779525,0.2456140350877193,4.421052631578948,17.830555555555552,6.684776718229116
p4 FM2,2,30048,6.0,50.95510000000001,0.24225015704197878,0.03213297177722559,0.038813114501816855,0.0276259107690994,0.003410891259930009,0.05900132291713894,0.04960624063731059,0.028599311930606653,0.03907399235069138,7.779796895982982,42.0,210.36839302377382,0.2456140350877193,4.421052631578948,17.881253801169574,6.599700984809975
p4 FM2,2,30051,7.0,58.8515,0.19797088470635155,0.03388286273970526,0.07721030763430962,0.07705484490514655,0.003941888891199521,0.06602453308913,0.07471421785008042,0.06838801342572137,0.07575527386709502,7.869735450243187,52.0,271.93379614695607,0.20553359683794464,4.521739130434782,19.169531225296424,5.145381047989524
p4 FM2,2,30052,8.0,73.10419999999999,0.17681008761756076,0.03619378393322665,0.08151789136591472,0.08803973275255608,0.00469956763503751,0.07146485214787258,0.1037800072141943,0.12539683567755625,0.0817667104525228,8.035900688459375,52.0,275.3788285691226,0.20553359683794464,4.521739130434782,19.82796916996046,5.812113077228482
p4 FM2,2,30070,7.0,60.320400000000014,0.2063248179546718,0.034226365097689115,0.06448557644607977,0.04727386952927214,0.003971871017660569,0.06612025608754066,0.07137084149191952,0.07360386098499593,0.06414481190962153,7.976837262085483,49.0,255.2181083617161,0.2121212121212121,4.454545454545454,19.697675324675302,5.565509459053597
p4 FM2,2,30071,7.0,59.84029999999999,0.19977144517128048,0.03330158182287979,0.06117061521085201,0.030758205726534395,0.003982995447110913,0.0636698809215904,0.0628793325103354,0.03622874312344008,0.062471104946833104,7.74486668737169,43.0,219.38251715227696,0.25146198830409355,4.526315789473684,17.78389473684209,6.0890743529628955
p4 FM2,2,30086,4.0,28.47980000000001,0.3872119054936843,0.028297647690311546,0.02846786317703109,0.03424331177929748,0.0021023762620807126,0.05087033921915182,0.029649200209984697,0.026425919880793694,0.02833863869494179,7.94549495441233,38.0,191.41381477103687,0.24836601307189543,4.222222222222222,17.380317647058817,6.327083267988681
p4 FM2,2,30103,7.0,64.03540000000001,0.21724613697965028,0.0343768933477794,0.06363523031192937,0.03926053438900897,0.004186998794947576,0.06621482494970751,0.07406050221285918,0.061426584720745664,0.06487990165174631,7.752250580915703,51.0,265.8906656651416,0.2015810276679842,4.434782608695652,19.733494071146243,5.113271548351269
p4 FM2,2,30153,6.0,50.53670000000001,0.24385285906953522,0.032097198869912795,0.04161414045361215,0.03723721377653288,0.0034707262045405142,0.059064743686997066,0.05398325492084889,0.044105794953111246,0.040395188557734066,7.80967187141326,42.0,209.17227338057197,0.2456140350877193,4.421052631578948,17.277561403508752,5.7050535824271025
p4 FM2,2,30170,5.0,35.60459999999998,0.2746281272157122,0.02952047013365537,0.04397478443506287,0.0907575172831013,0.002494424769048025,0.0538452037724013,0.034758303228741884,0.022490638713766213,0.04417834727300748,7.638932466026977,37.0,181.636206050483,0.27205882352941174,4.352941176470588,17.069023529411776,7.185242195370982
p4 FM2,2,30178,6.0,48.079199999999986,0.23971742545644778,0.03291834930316223,0.0904960440773459,0.06627736912851473,0.003176063071961372,0.06005624541914885,0.06001081762416184,0.0681266906901876,0.08788680789780608,7.9194760147952215,44.0,218.74954731526336,0.23157894736842108,4.4,18.93788052631578,6.106209346828461
p4 FM2,2,30183,6.0,47.33070000000002,0.23856783348595093,0.032121831541647224,0.03766362031926867,0.09191167010317644,0.0031683236719550006,0.058953086765594645,0.05111243084966485,0.044115246991117615,0.03748026325582454,7.73768042566777,40.0,199.64460385297306,0.26143790849673204,4.444444444444445,17.797349673202625,7.280107919610626
p4 FM2,2,30184,6.0,47.893100000000004,0.23198396645739078,0.03261129460320626,0.06154405907175435,0.04786343204110845,0.003179467389833593,0.059823511267503245,0.05582885025304593,0.05259805147919166,0.0619358897574917,7.935701331927959,44.0,219.9395389308375,0.23157894736842108,4.4,18.791743684210527,5.789541899654816
p4 FM2,2,30196,6.0,49.76820000000002,0.25170457663665796,0.03322463535208981,0.06920806121327597,0.08023473776259207,0.003268561747002672,0.06026717153238198,0.05946555440868668,0.07125878144698254,0.06632985665098454,7.869899189234474,44.0,222.02872827515228,0.23157894736842108,4.4,18.957057894736867,5.85187570286959
p4 FM2,2,30199,5.0,40.7218,0.3152641946327835,0.031012992532124712,0.04457503343798529,0.0675364308017478,0.0027831818655056676,0.05509895597298155,0.0417493815186705,0.03500722302193986,0.044492392857361764,7.764861438974105,41.0,204.19517844073914,0.23976608187134504,4.315789473684211,18.13661871345031,6.654910409011827
p4 FM2,2,30203,5.0,39.928899999999985,0.2990260545124681,0.031522003703241035,0.03900934585669795,0.05518315111851853,0.0027076585658641354,0.05537030609315272,0.04540836799110199,0.042095030437678795,0.04075777564238957,7.848323192168902,41.0,205.28540083163017,0.23976608187134504,4.315789473684211,18.171559064327504,5.909429044779782
p4 FM2,2,30204,6.0,46.53069999999999,0.23844156016702284,0.031128665047969465,0.0699675574848945,0.027028403937369716,0.00317993929304081,0.05780410139643662,0.040365198365506,0.021407551175605093,0.07005474299163619,7.915898684516639,38.0,190.07440287577984,0.27941176470588236,4.470588235294118,16.86951764705882,7.49316381160812
p4 FM2,2,30209,5.0,36.237300000000005,0.2809974291378777,0.02938962252947127,0.029701326223072633,0.018217078274900645,0.0025707301843288055,0.05347560708015468,0.03246115951628894,0.016660489186469965,0.03056636931030135,7.728602515443033,37.0,182.8152070554313,0.27205882352941174,4.352941176470588,16.874069117647053,7.1000093525135695
p4 FM2,2,30218,5.0,39.6391,0.3000023001391968,0.03077328985421556,0.019275130615783474,0.030468546042601193,0.0027226389045831552,0.05498865679382413,0.04000744721535617,0.024923641507403105,0.0193544319757912,7.6864433242266,42.0,214.97087801553545,0.2456140350877193,4.421052631578948,18.195235087719293,6.615010426204335
p4 FM2,2,30294,6.0,49.21370000000002,0.2436485310062059,0.03200173471989304,0.0627998156938449,0.07803916328202622,0.0033314668767286354,0.05878600841693629,0.052745211667028884,0.04934533648313581,0.06415793576366999,7.708679958547188,40.0,198.45127719772591,0.26143790849673204,4.444444444444445,17.59858823529412,7.10725742327734
p4 FM2,2,30303,6.0,49.6024,0.24304784107344984,0.03216363641006281,0.0670978427120678,0.13049661531747522,0.0032884906291648515,0.059270102442713704,0.05242910819513877,0.04035763200342526,0.0673726335608162,7.555037018376115,42.0,210.53881833539364,0.2456140350877193,4.421052631578948,18.44092982456139,6.484123157764801
p4 FM2,2,30307,6.0,49.7221,0.2451024667733887,0.03257538063890059,0.04281221382617435,0.06192381201934742,0.003327851640976001,0.05930464568803614,0.057545833145705605,0.05837657257359519,0.04102851285041819,7.807884188748183,42.0,207.98159432184178,0.2456140350877193,4.421052631578948,18.29127368421052,6.522616070229884
p4 FM2,2,30310,6.0,49.24889999999999,0.24182966138877954,0.03257388954652809,0.04312554347610347,0.04362795388297901,0.0032930184471139084,0.059738730103248455,0.05714097448979241,0.05191509703944986,0.042376934983503554,7.853270845445206,44.0,218.7495473152641,0.23157894736842108,4.4,18.91649052631577,6.25068717611804
p4 FM2,2,30321,6.0,52.07970000000003,0.24710069018561714,0.033704201795538555,0.04425057383906898,0.10426227911163857,0.003370297644871703,0.060584307396414495,0.06660821706470199,0.071820093142767,0.04438516170065775,7.75470597858779,46.0,229.51939096374446,0.21904761904761907,4.380952380952381,19.675829523809522,5.617842951815852
p4 FM2,2,30322,7.0,61.69260000000001,0.2066707698335317,0.03391847717372443,0.07152376324611079,0.03823308341160477,0.00402440930411125,0.06458207319255621,0.07079188779826959,0.057538071649669086,0.07236507487759004,7.94344919421723,47.0,237.21655796015804,0.22380952380952382,4.476190476190476,19.191881904761892,6.067755196715692
p4 FM2,2,30329,5.0,39.55810000000001,0.29696988902347055,0.03018858440767105,0.0428377696042888,0.028589197148559765,0.002727226429445375,0.05359296198931259,0.03529613774593987,0.019455649027694658,0.04341810091203295,7.80369777263691,37.0,181.6362060504831,0.27205882352941174,4.352941176470588,17.330152941176454,7.006907540458262
p4 FM2,2,30336,7.0,60.249300000000005,0.20886670561217777,0.03474528114511725,0.10323600863391603,0.07586739708036698,0.003872466782363782,0.06554653139812991,0.0786269963755002,0.09228787903903099,0.10186314810290842,8.002107029649634,49.0,248.0010591177664,0.2121212121212121,4.454545454545454,19.197786580086575,5.214576033302849
p4 FM2,2,30352,7.0,56.16549999999999,0.19174035397833109,0.0338043710092522,0.07425611560788756,0.05095536051351339,0.003703327967986697,0.06464524840316638,0.06740084013769916,0.06270443788173127,0.07407528031485101,8.024509042473854,45.0,230.1167380086453,0.23684210526315788,4.5,18.454988421052636,5.7609752952495255
p4 FM2,2,30354,5.0,38.78030000000001,0.3009331280473847,0.030024216956017067,0.022001714486284213,0.027553358659006297,0.002696690089130628,0.053582648774605494,0.03287887433770013,0.016799975604765597,0.022184177068885806,7.684988951681384,37.0,182.81520705543173,0.27205882352941174,4.352941176470588,17.12939411764706,7.243150114061557
p4 FM2,3,30777,6.0,53.1061,0.20554813017242704,0.020156511761846876,0.020872717496781157,0.00032240839004031785,0.0023160990246121702,0.048886183676109224,0.05753316418722882,0.05374438687035526,0.021290276391598237,10.375388935964565,46.0,231.69348133537594,0.21904761904761907,4.380952380952381,19.5676857142857,5.559039442935688
p4 FM2,3,30816,7.0,60.94660000000001,0.16669705467989207,0.020477072401212625,0.05762349852790635,0.00010016969483030016,0.002670088017008719,0.05278967625119942,0.06555620930218618,0.06390072602880661,0.0576808716448548,10.496920101930705,50.0,259.75492343682225,0.21645021645021648,4.545454545454546,18.96642251082252,5.3228063139054145
p4 FM2,3,30829,6.0,52.4291,0.20875917097565083,0.01919120066698498,0.03279443859441549,0.00010969066209158925,0.0022961703073750128,0.04736822123061098,0.036412264842610224,0.01711218194523277,0.03365437369573107,10.210862096289667,42.0,216.3044074914372,0.2456140350877193,4.421052631578948,18.86093801169591,6.752224397122768
p4 FM2,3,30834,6.0,50.437000000000005,0.20284237026857482,0.019051844263478574,0.026188280078051632,6.571592596247743e-05,0.0022515734577257225,0.04713271554911862,0.03869320817550771,0.01876432805689231,0.026433715257300126,10.303696298873954,41.0,208.9047529330931,0.2679738562091503,4.555555555555555,17.886470588235287,7.286716077115407
p4 FM2,3,30838,6.0,48.64369999999999,0.18780091479998187,0.01897208586302266,0.013388060620946307,4.531817436817546e-05,0.0022335576011525905,0.04757338707970446,0.04117557868427665,0.020514067843353967,0.013578877908141662,10.400451411646776,42.0,210.5388183353934,0.2456140350877193,4.421052631578948,17.621044444444436,6.272437567610572
p4 FM2,3,30848,7.0,57.86399999999999,0.15651880920248118,0.019624285763956483,0.05578191912734016,3.995165848870899e-05,0.002682142625162372,0.05230646192180919,0.05410707013912756,0.03185200281624445,0.055489760760376185,10.879400392607414,49.0,249.23729659295591,0.2121212121212121,4.454545454545454,17.776059740259733,4.8877068120000935
p4 FM2,3,31034,7.0,63.530800000000006,0.17267949250247724,0.02059639328880686,0.03631529107019887,0.00014644624783576886,0.002765970137616318,0.0524788319351245,0.0665076705884762,0.06798010583463386,0.037031573581363386,10.491407681795518,47.0,238.41263849666748,0.22380952380952382,4.476190476190476,19.090302857142863,5.927674342668494
p4 FM2,3,31066,7.0,65.6104,0.18193671630286834,0.020446640486061745,0.09290862962117015,0.00018696555006592264,0.002756193991631186,0.052203620049958425,0.057101461701211075,0.038971048096329675,0.09238372513382932,10.461884724030313,47.0,244.31307635174107,0.22380952380952382,4.476190476190476,20.169524761904764,6.032241864208651
p4 FM2,3,31078,6.0,50.094500000000004,0.20177243645525114,0.019456204857427575,0.06004052167300021,5.6792201182684316e-05,0.0022483478257756865,0.048659410368835164,0.04863812315926925,0.03808700390977899,0.05847214818763326,10.455197425610855,46.0,229.57218872317603,0.21904761904761907,4.380952380952381,18.576932380952382,5.473420321062809
p4 FM2,3,31109,6.0,46.8472,0.18285937163597835,0.019229238461539917,0.031473539799695666,2.743184741119552e-05,0.0022188204524962226,0.04851065194436602,0.05282724420921948,0.05139979536926784,0.0316558644425626,10.424062136452658,44.0,218.74954731526392,0.23157894736842108,4.4,17.017975789473685,5.321465937760618
p4 FM2,3,31129,5.0,37.3983,0.23824528985019788,0.017798014441411367,0.017426165691759202,6.42284211011223e-05,0.0017378836822660544,0.04313604081630269,0.02514856847353893,0.011261863718581313,0.017680156871417985,10.350220433156982,37.0,183.8438016730523,0.27205882352941174,4.352941176470588,17.741832352941188,7.206431840469503
p4 FM2,3,31133,5.0,34.110099999999996,0.22350239894045565,0.01750522095289654,0.03665311065979885,5.368676053356485e-05,0.0016257556409171325,0.0436604952739629,0.024822609627725423,0.014120137710004043,0.03689118758411589,10.686660301480936,39.0,194.56078217221207,0.2549019607843137,4.333333333333333,17.461739869281047,6.0862915623631375
p4 FM2,3,31193,5.0,34.21829999999999,0.21714045999734263,0.016966335823205992,0.027398802592791913,1.3202947980405512e-05,0.001769002299488713,0.0430036622581163,0.024526575726223576,0.01024116281660327,0.027228299851584273,10.9084592413548,37.0,182.91421865833843,0.27205882352941174,4.352941176470588,15.474495588235284,6.662025319796221
p4 FM2,3,31495,8.0,74.12700000000001,0.14679443951093174,0.021370746113627364,0.04752267095985027,0.0004578386406699308,0.0031818628988366745,0.0566156170556145,0.08571186526626709,0.0955762800043035,0.04737551320146985,10.539786740144349,50.0,258.304928616083,0.21645021645021648,4.545454545454546,19.649318614718602,6.189307862895716
p4 FM2,3,31534,5.0,39.293800000000005,0.2481383432388195,0.018808362933190822,0.03104370964591443,0.00019168336512202406,0.001747570429297761,0.044491956905701055,0.036793538343499015,0.025783264870906427,0.031736921159778615,10.415075970825004,41.0,204.09192918955878,0.23976608187134504,4.315789473684211,19.318654970760214,6.057867271499708
p4 FM2,3,31550,6.0,53.875299999999996,0.21535285685451566,0.019828780913457817,0.04534662734778961,0.00019908320101607598,0.002372085411292605,0.04832826225191767,0.05087423669238974,0.0447045248696636,0.045091979313160634,10.576799299050883,44.0,219.89767135165422,0.23157894736842108,4.4,18.968296315789473,5.823944840723002
p4 FM2,3,31551,6.0,51.18840000000001,0.21350877967578832,0.01985895619262977,0.04746991644485114,0.00018853749452102226,0.002197334601270238,0.04880425374023554,0.04907264834566761,0.038849142123233565,0.047881608532187085,10.478153066703163,46.0,231.83665645670763,0.21904761904761907,4.380952380952381,20.348510476190473,5.882393317225357
p4 FM2,3,31553,6.0,49.055,0.1992153150957812,0.019063524629080137,0.03672600878559862,8.590599674963217e-05,0.002173742072539951,0.04717295647228857,0.03728552192718788,0.01904633671065173,0.03774377069818083,10.318388657407507,40.0,203.25371049839987,0.26143790849673204,4.444444444444445,18.104780392156886,7.4911196248982534
p4 FM2,3,31567,6.0,55.206300000000006,0.2165430856791075,0.019783773620495583,0.02638862792223221,0.0001368819522066008,0.0024052815074118022,0.048506953554772865,0.048616243579166676,0.031188164648548466,0.026046534047089776,10.46766486481285,46.0,231.68740300335398,0.21904761904761907,4.380952380952381,19.785829523809515,5.377559597013435
p4 FM2,3,31576,8.0,78.1877,0.1554018916565332,0.02092362782103449,0.0696315881293758,0.00016595689195882617,0.0032927604457631543,0.056403962622368825,0.07182545687535273,0.048248473632931346,0.07001030301569659,10.463043123051595,53.0,279.828631515857,0.20948616600790515,4.608695652173913,20.590128063241103,5.92692878311464
p4 FM2,3,31590,6.0,50.9016,0.19455571961898227,0.018865563462391273,0.012959518516838305,6.915072774959572e-05,0.0023586702791586174,0.047003870697318186,0.03912795846900358,0.01814656202857979,0.012996189266433788,10.688514097928014,40.0,199.76591396241818,0.26143790849673204,4.444444444444445,16.91034052287582,6.769741509259665
p4 FM2,3,31591,5.0,37.23310000000001,0.23903614780645607,0.017754539183928435,0.026572038010368535,6.812765869298665e-05,0.00175168289700812,0.04317498660365586,0.026181906495021962,0.010979641559975222,0.02657439082134918,10.699211995991988,37.0,183.93394899091888,0.27205882352941174,4.352941176470588,17.448782352941194,7.293851817394585
p4 FM2,3,31624,6.0,46.83149999999999,0.18593077233708882,0.018799247133340663,0.05564528347681455,6.078906552713657e-05,0.0021687032138540596,0.04796347549892903,0.03825876596260311,0.022654824038255354,0.05628617160682152,10.778196374449388,44.0,223.34895314504672,0.23157894736842108,4.4,18.24064210526315,5.469825519389184
p4 FM2,3,31626,6.0,48.3993,0.1925813244631495,0.019203913900197257,0.04507590016437356,3.7414912309493465e-05,0.0022288274470581336,0.04819552909217466,0.04725657856667429,0.032518486362884506,0.04324287094164436,10.481326652104736,44.0,218.74954731526458,0.23157894736842108,4.4,17.852965789473668,5.732320157160864
p4 FM2,3,31635,5.0,34.42070000000002,0.2145689329885622,0.017131859495972564,0.032659153557025894,3.551035540879917e-05,0.001700284809102662,0.04264997545583262,0.02310350154171939,0.008621039030474844,0.034057435915974835,11.011825139007154,35.0,172.19936936508887,0.2916666666666667,4.375,15.264605000000019,7.671463131426916
p4 FM2,3,31637,6.0,42.4927,0.16870806175161815,0.018785770459283885,0.045097070438913096,1.6536503432553924e-05,0.0020842669724881703,0.04877650621216351,0.05006641088613157,0.049169260109259726,0.04609985949442671,10.66111940179051,46.0,229.52171396291251,0.21904761904761907,4.380952380952381,16.570854285714272,4.243377724435394
p4 FM2,3,31645,7.0,53.190300000000015,0.14936862964115197,0.01921496814405222,0.07859935020397849,2.968413511024932e-05,0.002562252268044743,0.05221726101438221,0.050688908274760164,0.03072463397594009,0.07709046531566142,11.256047333256461,49.0,248.04490510068402,0.2121212121212121,4.454545454545454,17.055948484848475,4.81235509049115
p4 FM2,3,31646,7.0,55.59,0.15193391467983655,0.019462478887468385,0.05770154258425557,2.6433089554221517e-05,0.0026355726801257614,0.052081017422985036,0.05547126597152514,0.0376184107542176,0.0565575103443648,10.758572371994529,47.0,238.4839473554785,0.22380952380952382,4.476190476190476,17.19683999999999,4.907251295188671
p4 FM2,3,31655,6.0,53.22490000000001,0.21443057903697976,0.02007810133153477,0.0786004489811711,0.00021538902847700214,0.0022810435785572394,0.0491882841589501,0.052549029468235,0.05334731735931125,0.07904181599600779,10.515052147875371,49.0,252.93904857587387,0.2121212121212121,4.454545454545454,20.511726839826842,5.61947766048128
p4 FM2,3,31656,6.0,51.2562,0.2082466636011685,0.01976640060998731,0.07503015080933799,0.00018745383532555013,0.002290897100604687,0.04872459664167287,0.050291767363821,0.05389943721498514,0.07512007780247697,10.588984895541088,46.0,232.80387867440228,0.21904761904761907,4.380952380952381,19.711979047619042,5.789371347835886
p4 FM2,3,31736,6.0,42.49399999999999,0.16614475092972208,0.01798335006482816,0.03266036424079123,1.5087142443721164e-05,0.0021607643083953695,0.047343723323374956,0.035983873891507645,0.016146433820546247,0.033579916509067505,11.237508887804417,42.0,210.46209550779463,0.2456140350877193,4.421052631578948,15.292716959064336,5.380174139258404
p4 FM2,3,31737,5.0,31.019400000000008,0.19466039492724435,0.01650667483120068,0.04214367157550751,7.493007025622092e-06,0.0016634983974051127,0.04285546081294075,0.023619794696414,0.012039422714072842,0.04143535189427735,11.067172817304094,35.0,172.15091589098014,0.2916666666666667,4.375,14.495924999999994,6.563830651779005
p4 FM2,3,31889,4.0,27.064899999999987,0.311066418070855,0.016244937354184766,0.03092046802447327,6.764198226011533e-05,0.0013125663559455066,0.03841130653480247,0.014444147351875766,0.005322229576641833,0.03119570271741596,10.237161364771248,30.0,147.26090287854998,0.32967032967032966,4.285714285714286,16.509804395604398,10.54546100019584
p4 FM2,3,31890,6.0,54.13210000000001,0.21174332626896308,0.019735102223921153,0.027030038571198723,0.00013955981862570646,0.0023357915634644394,0.04814662746452174,0.045639737446695416,0.03353345170369921,0.027180822710157416,10.274288434322996,44.0,224.83725348090206,0.23157894736842108,4.4,19.4719252631579,6.388254136335497
p4 FM2,3,31914,6.0,43.4106,0.17643582946334355,0.01815346766056238,0.04004766671930202,2.991298332943787e-05,0.002144603181502846,0.04691852758058951,0.03466404450495031,0.016213499449729447,0.04111159036693432,11.259914444542634,40.0,199.64137757731606,0.26143790849673204,4.444444444444445,15.818184313725492,6.32168781722327
