plant,time point,cell,weighted node degree,clustering coefficient,information centrality,betweenness centrality,eigenvector centrality,page rank,katz centrality,current flow betweenness centrality,communicability betweenness centrality,load centrality,harmonic centrality,size on 2 neighborhood,estrada index on 2 neighborhood,abs graph density on 2 neighborhood,rel graph density on 2 neighborhood,avg path length on 2 neighborhood,algebraic connectivity on 2 neighborhood
p4 FM1,0,21399,6.0,0.4,0.011275039954926222,0.07992073505108886,0.15418014442601483,0.007926819964470264,0.09971943013032065,0.10170036956777298,0.11498341413757251,0.0776118696968433,36.658730158730144,47.0,240.08090861515504,0.22380952380952382,4.476190476190476,2.3857142857142857,0.7549029101702802
p4 FM1,0,21403,6.0,0.4,0.011246578626470216,0.09089884095137689,0.1576852615713435,0.007929299095494308,0.09946449092729084,0.09846200282677751,0.11072050740192124,0.09218115313710784,36.795634920634875,47.0,239.98453767045567,0.22380952380952382,4.476190476190476,2.3857142857142857,0.7261835986218635
p4 FM1,0,21404,5.0,0.5,0.009980999896476748,0.010633776616347101,0.0986173581279294,0.0069921517712123165,0.08717192027894746,0.05938462351246161,0.041089380689384586,0.01040725982158182,32.57142857142859,35.0,173.33432235223557,0.2916666666666667,4.375,2.1,0.9260299220826839
p4 FM1,0,21439,7.0,0.3333333333333333,0.011360089487029813,0.11021345929996545,0.16315118368050766,0.009210873562831307,0.10749725755112988,0.11161358313721287,0.12693483421486462,0.11047675030204555,36.52222222222224,50.0,263.42960701280435,0.21645021645021648,4.545454545454546,2.398268398268398,0.7335349877355668
p4 FM1,0,21499,5.0,0.5,0.010032488548388084,0.010756075546501044,0.10289027624197314,0.006915083738021122,0.0881844827258652,0.06279729391632939,0.04611731280513461,0.010874384577313642,33.104761904761936,37.0,182.96238626306607,0.27205882352941174,4.352941176470588,2.1544117647058822,0.9430074592944736
p4 FM1,0,21505,5.0,0.5,0.009857418458023223,0.006266400045562517,0.09498106560759464,0.006970957909638323,0.08638394529901972,0.05592622519396286,0.035178903120254824,0.005661057534667742,32.07027417027418,33.0,162.72557253961284,0.31428571428571433,4.4,2.019047619047619,1.0758315294107208
p4 FM1,0,21514,6.0,0.4,0.010811592241247647,0.057241690847748744,0.13197123839629846,0.008107090047565432,0.09863742877791216,0.0914691675216769,0.09081525852400782,0.0559938788676364,35.019841269841315,48.0,252.08653079963773,0.22857142857142856,4.571428571428571,2.357142857142857,0.7735573157134779
p4 FM1,0,21516,7.0,0.3333333333333333,0.010961569251807317,0.05604284614903002,0.13236898589470647,0.009443623903126731,0.10461078721387074,0.10221361406720589,0.09081877761030353,0.05567478141181856,34.521428571428594,45.0,232.42915867274922,0.23684210526315788,4.5,2.3105263157894735,0.7767539353744441
p4 FM1,0,21517,7.0,0.3333333333333333,0.01161187666643441,0.1287325430442087,0.1696060744902158,0.009169505502746478,0.10773952626929346,0.11959335533888303,0.14676320020710332,0.13035847973671505,37.28214285714283,49.0,252.854260657327,0.2121212121212121,4.454545454545454,2.4155844155844157,0.6739566854001988
p4 FM1,0,21520,6.0,0.4,0.011139727975171883,0.08204113929286413,0.14019744124480205,0.007990329607796942,0.09863111984551737,0.09942345060027834,0.10801379915871173,0.08014514075979691,36.16944444444446,44.0,218.74954731526438,0.23157894736842108,4.4,2.363157894736842,0.7536257201119796
p4 FM1,0,21523,6.0,0.4,0.011255733969860144,0.08612276132774954,0.15215010277489602,0.007942966845588493,0.0986985053379646,0.09943519341987739,0.11066113460607425,0.08488688745118278,36.43809523809522,44.0,218.74954731526404,0.23157894736842108,4.4,2.363157894736842,0.7536257201119806
p4 FM1,0,21527,6.0,0.4,0.011064043629829594,0.03927054442773354,0.15589791587504886,0.007986785193170733,0.09866940778997779,0.08922935973978892,0.0896750691048066,0.038479348067602656,35.74325396825399,45.0,235.4917161789276,0.23684210526315788,4.5,2.289473684210526,0.7963680216386138
p4 FM1,0,21528,7.0,0.3333333333333333,0.011451200559821281,0.08843243316154133,0.15452830659361583,0.009223885201515488,0.1055197496187165,0.11318391194684867,0.12046428724698037,0.08695612247125223,36.4515873015873,45.0,227.7017799696946,0.23684210526315788,4.5,2.336842105263158,0.7891285040417988
p4 FM1,0,21536,5.0,0.5,0.01017791151979733,0.02474879432525162,0.10940834677628072,0.006915632761088281,0.08912399248624422,0.06551748770414971,0.05552944807783961,0.025659819384073895,34.09404761904766,39.0,193.58295236794356,0.2549019607843137,4.333333333333333,2.2287581699346406,0.8189727313053691
p4 FM1,0,21602,6.0,0.4,0.010820535386917383,0.05556378752336314,0.12566198672112175,0.00813149293081367,0.0979490526811289,0.0963882079818765,0.09332190852570008,0.0571718467756474,35.06904761904766,44.0,220.03801563278108,0.23157894736842108,4.4,2.3421052631578947,0.7732855809129847
p4 FM1,0,21603,7.0,0.3333333333333333,0.011535778444477405,0.14923086608038305,0.1555164796028343,0.009185139479308251,0.10825147271964405,0.12582908687019767,0.15559711033303475,0.15303049412660205,37.28650793650792,51.0,258.83241865175336,0.2015810276679842,4.434782608695652,2.486166007905138,0.6226455381118933
p4 FM1,0,21607,6.0,0.4,0.010892559792786548,0.0491926648446304,0.13305330866266865,0.008034976118118195,0.09761534694472591,0.08968731665747934,0.08499991640187646,0.04921991961894042,35.15317460317465,42.0,210.43994057839834,0.2456140350877193,4.421052631578948,2.2865497076023393,0.7510154652279271
p4 FM1,0,21608,7.0,0.3333333333333333,0.011196406170661546,0.09345884708668964,0.13226732325210577,0.00933463001277828,0.1060411238371079,0.11434573030553133,0.12100201510833766,0.09333016617039383,35.87936507936513,47.0,238.4839473554782,0.22380952380952382,4.476190476190476,2.3857142857142857,0.7047795817605873
p4 FM1,0,21612,6.0,0.4,0.0108796093243169,0.0571465898874877,0.11823327289762713,0.008171123639691424,0.09790298338666434,0.09893687783046048,0.0974846308485218,0.0547898833970985,35.02777777777783,44.0,219.9431451943065,0.23157894736842108,4.4,2.3526315789473684,0.7466579650120206
p4 FM1,0,21620,4.0,0.6666666666666666,0.009422503396397058,0.0036835215065135793,0.09871725591000202,0.0057193263818769305,0.08045259734946145,0.0448575408096775,0.030251742898961015,0.0037742738272685023,32.294841269841285,34.0,168.7434794908113,0.2833333333333333,4.25,2.075,0.966720971775757
p4 FM1,0,21621,7.0,0.3333333333333333,0.011348634615261751,0.10964552060725659,0.16398083393702845,0.009249485365169155,0.10664803827886346,0.10576074663603015,0.1208150913650632,0.11344458879689927,36.709523809523816,47.0,248.10235804751505,0.22380952380952382,4.476190476190476,2.3333333333333335,0.7669307831964507
p4 FM1,0,21624,4.0,0.6666666666666666,0.00961975183595443,0.0027044869689048017,0.10965307100613474,0.005671047683366959,0.0799315397875112,0.045643123623790555,0.03268769635496317,0.0029738518410507325,32.8559523809524,32.0,157.998484888478,0.30476190476190473,4.266666666666667,2.0095238095238095,1.0858024982144672
p4 FM1,0,21625,6.0,0.4,0.01109606925758229,0.041533549366962526,0.15337327508396578,0.007991758421999982,0.09731647587859509,0.08879772058258523,0.08933301198389693,0.04117644896046948,35.78095238095239,40.0,203.22772408422622,0.26143790849673204,4.444444444444445,2.2091503267973858,0.8940296896815514
p4 FM1,0,21626,6.0,0.4,0.010993541391368303,0.05247322311919318,0.13203480838165896,0.00806237833591033,0.0973919274667405,0.09436538299800139,0.09305038547504328,0.048351896912770115,35.09563492063498,42.0,209.21664656845343,0.2456140350877193,4.421052631578948,2.2982456140350878,0.795976598750305
p4 FM1,0,21627,5.0,0.5,0.010141018746033063,0.01532835107187944,0.09528052696250315,0.007024732558575301,0.08842471168664427,0.0708074736882555,0.0553298121798183,0.01393972165516348,32.854761904761936,39.0,192.40184659864946,0.2549019607843137,4.333333333333333,2.235294117647059,0.8794580930655492
p4 FM1,0,21632,6.0,0.4,0.010627247611720477,0.029004381167390653,0.11367901078802575,0.008206460384443436,0.09580030509080446,0.08337178191217345,0.06618410280257737,0.02753747652096038,33.76984126984129,40.0,200.86550578866718,0.26143790849673204,4.444444444444445,2.2222222222222223,0.7954766979071215
p4 FM1,0,21640,7.0,0.3333333333333333,0.011498049389308776,0.09871173552241129,0.16613563018278701,0.009176337710066334,0.1068944211458498,0.11573876793123253,0.12753696682345894,0.09768120850087932,36.62738095238094,47.0,238.52898242637414,0.22380952380952382,4.476190476190476,2.380952380952381,0.7136275726062224
p4 FM1,0,21653,6.0,0.4,0.010996862260023728,0.07121359776291966,0.14237099841865697,0.008017405961869072,0.09860449989953533,0.09262530393448033,0.09800498620995218,0.06894611853216567,35.99523809523811,44.0,221.050155531048,0.23157894736842108,4.4,2.3526315789473684,0.7755775972444475
p4 FM1,1,21734,7.0,0.3333333333333333,0.0081642442378377,0.043926208125160474,0.12595372941428143,0.006531089145466044,0.08669925116357187,0.08233246820968168,0.0648935830558138,0.042560880915460945,42.404509379509484,47.0,245.55750588184267,0.22380952380952382,4.476190476190476,2.342857142857143,0.6683147056481014
p4 FM1,1,21735,4.0,0.6666666666666666,0.006889025297370062,0.0022802273113801466,0.08542023671746242,0.004005364307518217,0.06644182481677033,0.03707082862925954,0.021117272757428876,0.0024937538161999696,39.16168831168844,36.0,180.60241609153613,0.2647058823529412,4.235294117647059,2.1176470588235294,0.9182182375597733
p4 FM1,1,21754,6.0,0.4,0.008077104562381861,0.045765126530493215,0.11604846571898639,0.0056184964215960235,0.0805089188090111,0.07927699890517323,0.07467843699717788,0.04262031736596791,43.08344155844159,44.0,219.89767135165482,0.23157894736842108,4.4,2.357894736842105,0.7373832484761571
p4 FM1,1,21756,6.0,0.4,0.007964436543251055,0.034511808665756975,0.12180269947686545,0.0056495714996596,0.07995910487059009,0.06969198940032675,0.05650946166945922,0.033523273077402584,42.5019841269842,44.0,222.1175067343894,0.23157894736842108,4.4,2.336842105263158,0.7101864962199358
p4 FM1,1,21759,6.0,0.4,0.008025344637872151,0.042890352821978305,0.1258903866560233,0.005630992270035442,0.08058320067054951,0.07404240488982815,0.06791281377286328,0.04166333812985634,43.19682539682543,44.0,222.27882029484863,0.23157894736842108,4.4,2.3210526315789473,0.701449260292485
p4 FM1,1,21766,6.0,0.4,0.008107957609146756,0.09161372897594612,0.11834273589927972,0.0056149073192870115,0.08047991022359703,0.08058277797660567,0.0940753255456876,0.09044215160915274,44.28690476190478,44.0,219.99234027670846,0.23157894736842108,4.4,2.3473684210526318,0.7507383145889783
p4 FM1,1,21885,6.0,0.4,0.007810494259927474,0.059583311908584555,0.09402894071716889,0.005762156771679168,0.07990017039483031,0.07550238927657006,0.07091040270710298,0.06237122945959753,41.89523809523823,44.0,221.13902147275627,0.23157894736842108,4.4,2.3421052631578947,0.710052085851154
p4 FM1,1,21895,5.0,0.5,0.0074794400162058105,0.011657825029172428,0.08971238568932019,0.004861159883609082,0.07289515405941939,0.05721138773455555,0.03986900718714434,0.011565322277706246,40.72539682539697,39.0,192.40184659864926,0.2549019607843137,4.333333333333333,2.235294117647059,0.8794580930655497
p4 FM1,1,21896,6.0,0.4,0.00782386770695048,0.024682202125137057,0.10364746307747376,0.005707583060340999,0.07920089264046945,0.06834093127692764,0.049796029870828505,0.0247434006557921,41.53023088023101,42.0,210.4620955077945,0.2456140350877193,4.421052631578948,2.280701754385965,0.8286419778593752
p4 FM1,1,21903,7.0,0.3333333333333333,0.008131274697022952,0.08411420276116337,0.1104622311876241,0.0065701074122956876,0.08758642285020377,0.09411358580639531,0.09677526037753412,0.08826203788121899,43.402561327561386,49.0,254.0895327135618,0.2121212121212121,4.454545454545454,2.4025974025974026,0.659923212330472
p4 FM1,1,21915,7.0,0.3333333333333333,0.008382086593098125,0.06344282799198567,0.12416791811591345,0.006485442619019534,0.08768865586092857,0.09876425556608104,0.09354879075234766,0.05995141300409428,43.46443001443007,49.0,249.24649710589534,0.2121212121212121,4.454545454545454,2.432900432900433,0.6572976172615779
p4 FM1,1,21916,6.0,0.4,0.007835889949940139,0.01833014656857229,0.10542833623980054,0.005701176162043032,0.07829168159690203,0.0664218948703001,0.04332208155069955,0.01788830251856627,41.16269841269856,40.0,199.64460385297298,0.26143790849673204,4.444444444444445,2.235294117647059,0.881865718702309
p4 FM1,1,21917,5.0,0.5,0.007325473459511959,0.0045690622844782825,0.09103962087936819,0.004880934428526443,0.07097623948018486,0.04641510283264997,0.023269431124980148,0.0043969931211036315,39.28697691197703,35.0,172.15091589097932,0.2916666666666667,4.375,2.1083333333333334,0.9729099134769374
p4 FM1,1,21919,5.0,0.5,0.007494624360935426,0.01517927339566055,0.10526718352282984,0.004794789347409061,0.07449697790191767,0.05697495638210932,0.04295615710115276,0.014152079500636147,41.093903318903436,44.0,225.72137743551056,0.23157894736842108,4.4,2.3105263157894735,0.744414360830235
p4 FM1,1,21926,5.0,0.5,0.007416965594489418,0.008525386753470284,0.10052977933446795,0.004847040820062172,0.07251518900141367,0.04928251786089039,0.028952770148452326,0.009556529338272673,40.74415584415598,40.0,205.4471226740129,0.26143790849673204,4.444444444444445,2.183006535947712,0.8744578125870991
p4 FM1,1,21927,8.0,0.2857142857142857,0.008587864136015581,0.08623115005315385,0.15323585112105284,0.007307017481348977,0.09446193028423856,0.10639404555319201,0.1039266935503896,0.0818665865770816,44.43823953823957,52.0,273.9877515177088,0.20553359683794464,4.521739130434782,2.4426877470355732,0.6815821073276366
p4 FM1,1,21934,7.0,0.3333333333333333,0.008031571430840614,0.08549133936518608,0.11047506250211139,0.0065379418599728414,0.08705128227108902,0.08531524908541413,0.08564624369299828,0.09225333776607389,43.633152958153,48.0,254.8895717435503,0.22857142857142856,4.571428571428571,2.342857142857143,0.7359871552850121
p4 FM1,1,21935,5.0,0.5,0.00758427202181708,0.02198757958533712,0.09803447099573799,0.004798301395953395,0.07463378461456029,0.061946710764961554,0.05287519458534507,0.0221391683573706,41.984343434343515,44.0,224.50378450835467,0.23157894736842108,4.4,2.3210526315789473,0.7441583638117482
p4 FM1,1,21943,6.0,0.4,0.007965316466143346,0.02588744117832643,0.11260801236519619,0.005656722932292373,0.0791005202759497,0.0708890856558668,0.05230453595816564,0.02548113629212591,42.20165945165954,42.0,209.21794618513402,0.2456140350877193,4.421052631578948,2.2982456140350878,0.8331144161916095
p4 FM1,1,21944,6.0,0.4,0.0077574903622470255,0.011703641688379856,0.10616899454299136,0.005721012999523456,0.07688884898810353,0.0601422916633322,0.03460638869779887,0.01086068038652054,40.30919913419929,36.0,179.4789154365785,0.3,4.5,2.091666666666667,1.0509996094880183
p4 FM1,1,21945,6.0,0.4,0.007958569798109504,0.03720593060844746,0.12288918882432955,0.005632728987182272,0.08081685018837986,0.07398087809966251,0.06347196349296295,0.03540877701627525,42.671212121212186,44.0,222.10696754606906,0.23157894736842108,4.4,2.336842105263158,0.6712742872560329
p4 FM1,1,21960,7.0,0.3333333333333333,0.008269012348343815,0.0807245777166684,0.12218643801935662,0.006473415625781517,0.08733605583187842,0.0941223734633753,0.0995997644750592,0.07800704593504987,43.93784271284274,47.0,243.2097163149039,0.22380952380952382,4.476190476190476,2.3666666666666667,0.7735823933738017
p4 FM1,1,21962,5.0,0.5,0.007509814836454217,0.010711310019210723,0.1003453187194152,0.004829622624843878,0.07187924973887781,0.05217983401783339,0.03385618374237834,0.01142374374882282,41.250432900433,37.0,181.63620605048328,0.27205882352941174,4.352941176470588,2.1838235294117645,0.9154162499968946
p4 FM1,1,21969,6.0,0.4,0.008066853189738472,0.03366032354591345,0.11790578538261656,0.005627599009037655,0.07958135661404787,0.07594051976861617,0.06928917969898676,0.02929976533132211,42.72979797979802,42.0,209.17227338057205,0.2456140350877193,4.421052631578948,2.304093567251462,0.7949814819885634
p4 FM1,1,21971,5.0,0.5,0.007524604835220553,0.009667056593879933,0.1049261390665767,0.004819977282660466,0.07338660058929004,0.05607515786127088,0.04123074515871745,0.008650673531538016,40.951406926407074,39.0,194.66442769899984,0.2549019607843137,4.333333333333333,2.2091503267973858,0.8229030178733574
p4 FM1,1,21977,6.0,0.4,0.008104818550482753,0.06930428357433473,0.11563016217437802,0.005603840317839932,0.08058233398984121,0.08195772669354837,0.08853686307258254,0.06924269054656652,43.87305194805196,44.0,218.74954731526367,0.23157894736842108,4.4,2.363157894736842,0.7536257201119791
p4 FM1,1,21979,7.0,0.3333333333333333,0.008449650772348424,0.07530633342987723,0.13861382130980798,0.006450174931357539,0.08709615208774779,0.09528931377987543,0.1005512059258713,0.07198675486593525,44.278174603174634,47.0,238.41112950627328,0.22380952380952382,4.476190476190476,2.3904761904761904,0.7232581054047438
p4 FM1,1,21981,5.0,0.5,0.007605720030114784,0.01521673759303252,0.1076422753283401,0.004805443764250995,0.07394489846251856,0.05868031384741898,0.04818471877770373,0.01553628879353393,42.04365079365088,41.0,205.43661810145818,0.23976608187134504,4.315789473684211,2.263157894736842,0.7442277855365574
p4 FM1,1,21988,8.0,0.2857142857142857,0.008498983367569135,0.11173292484161149,0.1382068513711957,0.007370461866649452,0.09384917643626933,0.11013656034234626,0.12253337441722517,0.10774981717568043,44.27261904761908,50.0,260.772387323227,0.21645021645021648,4.545454545454546,2.398268398268398,0.6746212521573682
p4 FM1,1,21996,7.0,0.3333333333333333,0.008420287546286131,0.11057147792139214,0.1328862771853633,0.0064637198403591275,0.08836735334101743,0.09954987772724473,0.12075892874792457,0.10473606488791966,44.761507936507954,51.0,262.08234009701624,0.2015810276679842,4.434782608695652,2.4782608695652173,0.6419085527184037
p4 FM1,1,22002,5.0,0.5,0.0075431322559927185,0.026515612704245656,0.09325642882201855,0.004823907710812762,0.07305657757359588,0.05961522147112035,0.05494318323845375,0.026249755192477384,42.13373015873024,39.0,192.401846598649,0.2549019607843137,4.333333333333333,2.235294117647059,0.8794580930655493
p4 FM1,2,22111,7.0,0.3333333333333333,0.005727929464959006,0.09756955940774344,0.10715066604601,0.004499593985650803,0.07257641400583242,0.07932568726615186,0.09246611300557901,0.10053378511694583,54.747907647907816,49.0,249.15452602867245,0.2121212121212121,4.454545454545454,2.4415584415584415,0.6944649792725202
p4 FM1,2,22124,5.0,0.5,0.005109551315433077,0.010215460581410657,0.08093022056928169,0.00338115230547692,0.05927373853541485,0.041152021700096665,0.02375785581211814,0.012339596741443009,51.293795093795275,37.0,181.63620605048322,0.27205882352941174,4.352941176470588,2.1838235294117645,0.9154162499968941
p4 FM1,2,22125,5.0,0.5,0.005249395316534777,0.013613343845801087,0.0913183527155031,0.00334031630944561,0.061518638988807404,0.05008949672479821,0.03945040478644705,0.013846570215326212,52.09956709956724,43.0,214.91930433665632,0.2263157894736842,4.3,2.331578947368421,0.7104096886373995
p4 FM1,2,22138,6.0,0.4,0.005481542163295896,0.03455889910205942,0.10177667411774978,0.00394016120958671,0.06651140108792322,0.0610135425493125,0.055833970117679245,0.03333179596633607,52.70346320346333,44.0,223.34895314504612,0.23157894736842108,4.4,2.3263157894736843,0.6716810495632612
p4 FM1,2,22273,5.0,0.5,0.005124145657598521,0.009817106479328458,0.07737002605005534,0.0033604294472138114,0.061090855894884694,0.047506808909007055,0.03379401493267344,0.01036350245625446,50.445115995116204,41.0,204.4058259342345,0.23976608187134504,4.315789473684211,2.2748538011695905,0.7802431569529473
p4 FM1,2,22281,7.0,0.3333333333333333,0.005568083166760289,0.041170825767080664,0.09154584151893766,0.004547018899385124,0.07108595040464091,0.07132847320483311,0.056932521033711055,0.04164676268692356,51.79967532467549,45.0,228.85106686776675,0.23684210526315788,4.5,2.331578947368421,0.747375767818024
p4 FM1,2,22283,7.0,0.3333333333333333,0.005706211348645079,0.10518595951442106,0.10730682244359191,0.004496913718300849,0.0734765904314813,0.08101764205500074,0.09604625002588693,0.11225757005386289,54.9010323010325,51.0,262.3824544370713,0.2015810276679842,4.434782608695652,2.4545454545454546,0.5863962625732653
p4 FM1,2,22294,6.0,0.4,0.005280158630138699,0.012368810811820709,0.07741395259849751,0.003989988393416244,0.06425063066521726,0.05252561364021082,0.03318905894325579,0.010817494164519055,49.66233766233792,38.0,190.19573097812597,0.27941176470588236,4.470588235294118,2.1544117647058822,0.9365274168594444
p4 FM1,2,22308,5.0,0.5,0.005120767423580161,0.018257782575199978,0.07643346083422153,0.003368620087509615,0.06007243137779619,0.04472950967895207,0.03388896574644332,0.022801648843196017,51.098593073593264,39.0,192.40184659864985,0.2549019607843137,4.333333333333333,2.235294117647059,0.8794580930655481
p4 FM1,2,22309,5.0,0.5,0.005168430448964543,0.021551558337160583,0.08436715265890268,0.003353549585568677,0.06075935088525091,0.04776259989466618,0.04138823572820629,0.020704470915360103,51.82677600177614,39.0,193.5829523679439,0.2549019607843137,4.333333333333333,2.2287581699346406,0.8189727313053712
p4 FM1,2,22318,6.0,0.4,0.005467654472390243,0.06268086642822171,0.09414016534072801,0.003935071694844812,0.06615023550672088,0.06029579811257658,0.06324648583805118,0.056823667624437454,52.52673160173175,44.0,219.9395389308368,0.23157894736842108,4.4,2.3526315789473684,0.7124311178296124
p4 FM1,2,22320,6.0,0.4,0.005532868324688548,0.07731982021633325,0.1012605411343816,0.0039117897772001165,0.06722288800434714,0.0654069828173794,0.07179888081674593,0.07841584948678071,54.477980352980495,46.0,230.71963395658372,0.21904761904761907,4.380952380952381,2.4,0.6817662448950623
p4 FM1,2,22328,6.0,0.4,0.005415944727981743,0.03861121310072517,0.08878866647722287,0.003950637468567061,0.06567656285922051,0.05901423585347604,0.0534556823365545,0.038642784346941995,51.80822510822527,42.0,210.4620955077949,0.2456140350877193,4.421052631578948,2.280701754385965,0.8286419778593745
p4 FM1,2,22329,6.0,0.4,0.00546079755087927,0.027540953104640102,0.09546019044268263,0.00394070554183776,0.06568073681333231,0.0590425428652802,0.04941732206458007,0.022947832580268734,52.36410533910547,42.0,209.2179461851346,0.2456140350877193,4.421052631578948,2.2982456140350878,0.8331144161916104
p4 FM1,2,22343,6.0,0.4,0.005384005106908851,0.020258942606988913,0.09092802762175,0.0039676062425160075,0.06473896013613088,0.05331273401989541,0.03743513091552084,0.019899208041594743,51.50057720057739,40.0,199.64460385297417,0.26143790849673204,4.444444444444445,2.235294117647059,0.8818657187023079
p4 FM1,2,22345,6.0,0.4,0.00547625262141163,0.047248012127805335,0.09890257260617365,0.0039388537921251285,0.06586064970126426,0.05980094887131128,0.0509576675634662,0.05118162812419903,53.57247474747488,42.0,210.32193112417627,0.2456140350877193,4.421052631578948,2.2982456140350878,0.791787960696853
p4 FM1,2,22346,7.0,0.3333333333333333,0.005774165541801907,0.07883615484009315,0.11495653093602051,0.004491066701279407,0.07289067266531875,0.08237388084631274,0.09630975112650798,0.075328921365424,54.56651959151974,49.0,251.29097257563512,0.2121212121212121,4.454545454545454,2.432900432900433,0.6634007837563081
p4 FM1,2,22355,7.0,0.3333333333333333,0.005711315033434978,0.06796225648695282,0.10662348727127995,0.004515223464543048,0.0717727658408711,0.07567527884678538,0.07635144650810212,0.06601601504341921,53.72839105339119,47.0,238.52898242637406,0.22380952380952382,4.476190476190476,2.380952380952381,0.7136275726062205
p4 FM1,2,22371,5.0,0.5,0.005114906514251253,0.005000912902309614,0.08028190427166397,0.003380619246895136,0.0594733334474424,0.04203860752422954,0.022183266132000622,0.004874353771958872,49.74913419913446,37.0,182.81520705543153,0.27205882352941174,4.352941176470588,2.176470588235294,0.86911328791339
p4 FM1,2,22372,5.0,0.5,0.0050747672994144585,0.005851727739092816,0.07824360222888505,0.0033924506568416453,0.059090455347748226,0.039235544516371616,0.01925213805856847,0.0062486896599426335,49.73679653679682,37.0,182.81520705543045,0.27205882352941174,4.352941176470588,2.176470588235294,0.8691132879133902
p4 FM1,2,22374,6.0,0.4,0.005345310336908966,0.01283131330651248,0.09069911511539612,0.003982449836732345,0.06443717508830253,0.05030926986972566,0.028042180605905884,0.012799089170775844,51.00212842712865,40.0,200.75014009100545,0.26143790849673204,4.444444444444445,2.235294117647059,0.8515066486630396
p4 FM1,2,22384,7.0,0.3333333333333333,0.005568821140483009,0.015949287689694436,0.10138661140202027,0.004572596692870974,0.06949779667739073,0.06358384421582586,0.03673833443029768,0.015017453683078063,51.00183982684005,41.0,208.60416736552722,0.2679738562091503,4.555555555555555,2.2026143790849675,0.901166182437489
p4 FM1,2,22387,7.0,0.3333333333333333,0.00567494205645769,0.053137770940547724,0.11006227368711687,0.0045348178311681335,0.07103534708852234,0.07088223112553509,0.056656455947215925,0.05852635679786293,53.81883116883128,45.0,228.82412495051975,0.23684210526315788,4.5,2.331578947368421,0.7682504068878608
p4 FM1,2,22393,6.0,0.4,0.0054378404669370006,0.023293346024329063,0.09554537916325914,0.003947674724002418,0.0656781858110202,0.058269670015051955,0.04122547812093726,0.025225369863881155,52.014249639249805,42.0,210.36156475560787,0.2456140350877193,4.421052631578948,2.2923976608187133,0.7487415695886288
p4 FM1,2,22394,5.0,0.5,0.005111187439887755,0.006341144093626193,0.08317482164269478,0.0033823458708819205,0.05975095642353546,0.041037531902657125,0.021675211990790328,0.006539619645158483,50.422005772005996,39.0,193.58295236794308,0.2549019607843137,4.333333333333333,2.2287581699346406,0.8189727313053698
p4 FM1,2,22415,6.0,0.4,0.005433010219523697,0.022699708694078405,0.09779699346478365,0.003950398262214278,0.06602511257113866,0.05777043157414051,0.03967420893003371,0.02440799003078598,51.84195526695544,44.0,222.10696754606926,0.23157894736842108,4.4,2.336842105263158,0.6712742872560333
p4 FM1,2,22417,5.0,0.5,0.0051090492311862265,0.004704353272675727,0.08317452236873933,0.003384051793316717,0.05953827522046709,0.041478669749114676,0.02183338398348427,0.004267954223422169,49.61248196248222,37.0,182.81520705543136,0.27205882352941174,4.352941176470588,2.176470588235294,0.8691132879133888
p4 FM1,2,22419,7.0,0.3333333333333333,0.005709348620592244,0.06688355039226576,0.1142157411765858,0.0045213822345953605,0.0720164572368313,0.07474897362868149,0.07006565938306697,0.0712731031634975,54.19217171717185,47.0,239.67642599206678,0.22380952380952382,4.476190476190476,2.376190476190476,0.6705596431504826
p4 FM1,3,22622,7.0,0.3333333333333333,0.003211674440172095,0.025831808259179728,0.0715659175802031,0.0027500735166666357,0.05495763775136584,0.056722564963345774,0.03797299086418118,0.025302872623939432,69.20043012543034,47.0,239.7763298009623,0.22380952380952382,4.476190476190476,2.3666666666666667,0.7228819379689098
p4 FM1,3,22625,6.0,0.4,0.0030765636675251567,0.0133483893147681,0.06647962229264248,0.0024031217931509983,0.050294913479731106,0.04340063783293622,0.024170434611430168,0.01232569127974818,68.04562382062417,42.0,210.3219311241759,0.2456140350877193,4.421052631578948,2.2982456140350878,0.7917879606968548
p4 FM1,3,22632,6.0,0.4,0.0030610873105628997,0.017760093935688746,0.06720889744176448,0.002408770353772004,0.04983910135594491,0.042867168535815396,0.023911529133927238,0.018413411656662746,68.53299755799785,40.0,199.64460385297363,0.26143790849673204,4.444444444444445,2.235294117647059,0.88186571870231
p4 FM1,3,22645,7.0,0.3333333333333333,0.003213548537950192,0.04723978802691568,0.08451931612295695,0.002755131187009289,0.05490014692390993,0.05451483284401634,0.04132855228049222,0.050517822600471704,71.35038017538038,47.0,240.74584924235168,0.22380952380952382,4.476190476190476,2.380952380952381,0.7192615811876345
p4 FM1,3,22655,5.0,0.5,0.002909100027698989,0.0038552889244433696,0.0658312886082172,0.0020583771835261146,0.045661309125099886,0.03155286680152894,0.014893294035151088,0.0040142753259194905,67.50853035853066,37.0,184.05129525312552,0.27205882352941174,4.352941176470588,2.161764705882353,0.8731895820850661
p4 FM1,3,22658,5.0,0.5,0.0030026529957746092,0.008863427771062296,0.08078348702466946,0.0020302435946414096,0.047358075753868314,0.04037049061996458,0.028170749277527475,0.009913984747139833,71.05947663447682,41.0,205.4781815677315,0.23976608187134504,4.315789473684211,2.257309941520468,0.7508433939474466
p4 FM1,3,22664,6.0,0.4,0.0031884686782607096,0.05510548306566129,0.10073255073979089,0.0023661758377928883,0.053099517579999984,0.05605902712127445,0.06269653031753095,0.06150354385211401,74.25623265623265,50.0,255.91569131044338,0.1976284584980237,4.3478260869565215,2.438735177865613,0.6094796956739387
p4 FM1,3,22730,5.0,0.5,0.002924600369128974,0.009006784969459756,0.052837938824701884,0.0020461232120826413,0.04619573192705414,0.034813034018895184,0.018264956455588125,0.008980454996120681,66.45923798423853,39.0,193.58295236794348,0.2549019607843137,4.333333333333333,2.2287581699346406,0.8189727313053716
p4 FM1,3,22737,5.0,0.5,0.00291146328547516,0.006225176506641279,0.053855760221107926,0.0020528492238671226,0.04574407500478455,0.032963487308061735,0.014895721352392888,0.0064710361953587035,66.23686313686369,37.0,182.81520705543167,0.27205882352941174,4.352941176470588,2.176470588235294,0.8691132879133908
p4 FM1,3,22749,5.0,0.5,0.0029462055052500297,0.00762770196850436,0.05619237061749648,0.0020405608244660847,0.04625892009864419,0.035841118016543036,0.019491767209506523,0.00748668106700436,67.29393939393975,39.0,192.35119387601023,0.2549019607843137,4.333333333333333,2.241830065359477,0.81813680393301
p4 FM1,3,22751,6.0,0.4,0.0030786831104924863,0.01407258238580469,0.06477571329350452,0.0024035491759182466,0.05033327287313053,0.04391772357425456,0.02422713051385247,0.013840936376480926,68.0714174714178,42.0,211.64172734696663,0.2456140350877193,4.421052631578948,2.2748538011695905,0.7593288947833741
p4 FM1,3,22766,7.0,0.3333333333333333,0.0032141937576979666,0.049718391187507656,0.0769495862875422,0.0027521691087274147,0.054574234210467004,0.055872020606259155,0.04376150230319735,0.05428238565477459,70.99998057498078,45.0,228.7797260505121,0.23684210526315788,4.5,2.336842105263158,0.7738228109511198
p4 FM1,3,22784,5.0,0.5,0.0029309213747731543,0.005175324207869495,0.06344304446875121,0.0020486922322585704,0.046082510249712355,0.03367756859441133,0.016554747820715504,0.005840657586551869,67.83101620601654,39.0,193.58295236794444,0.2549019607843137,4.333333333333333,2.2287581699346406,0.8189727313053694
p4 FM1,3,22785,5.0,0.5,0.0029367982806242387,0.0031605361144234336,0.07178571666524121,0.0020540602733093312,0.04570433325580273,0.03379369627936859,0.015357158217480169,0.0029233726685814875,68.4599234099237,35.0,173.33432235223535,0.2916666666666667,4.375,2.1,0.9260299220826822
p4 FM1,3,22801,7.0,0.3333333333333333,0.0032116455219353135,0.02500081923068984,0.08605676588768768,0.0027525746146745485,0.05453893721730603,0.056700975478385936,0.04327208691087667,0.023563776077054677,70.51672216672243,43.0,219.4686619724815,0.25146198830409355,4.526315789473684,2.2514619883040936,0.8402823522372368
p4 FM1,3,22802,5.0,0.5,0.00292337235402608,0.0077033064821265896,0.07116737164126331,0.002052502078117443,0.045959212506165296,0.03297768440629744,0.02021243545524236,0.0064249922043445725,68.22498889998917,37.0,184.05129525312543,0.27205882352941174,4.352941176470588,2.161764705882353,0.8731895820850657
p4 FM1,3,22926,7.0,0.3333333333333333,0.0032358518671446214,0.034877225143599276,0.07131254530859764,0.002736539078079429,0.055590498286362554,0.06072201062200494,0.0468855985802677,0.03178060712076306,69.55925185925213,49.0,249.29171277003655,0.2121212121212121,4.454545454545454,2.4285714285714284,0.6696925732533161
p4 FM1,3,22927,6.0,0.4,0.0030919061492815656,0.011486463542485023,0.0663389860063959,0.0023946682027268284,0.05070888869651268,0.04591419731355198,0.024875148515305732,0.01069402920496077,67.72226939726974,44.0,219.99234027670846,0.23157894736842108,4.4,2.3473684210526318,0.750738314588977
p4 FM1,3,22936,5.0,0.5,0.0029112177095805794,0.005041693879208031,0.05691957538839545,0.0020558017533753043,0.04567900749621435,0.031982454311783114,0.014395084244639353,0.004548046571947547,66.17059052059102,37.0,182.86318115034712,0.27205882352941174,4.352941176470588,2.1691176470588234,0.8677883184361819
p4 FM1,3,22944,6.0,0.4,0.0031025305586381974,0.02731708850316075,0.06186278370411547,0.002386576616399336,0.0509273300126815,0.048508624842876207,0.03690609160964197,0.027563354620218625,69.33368020868042,45.0,230.41362118074812,0.23684210526315788,4.5,2.3263157894736843,0.7614480357022699
p4 FM1,3,22961,5.0,0.5,0.0029247648316394603,0.009123779243506373,0.06023243628919205,0.002050981064207966,0.04606280987800754,0.03302383959110037,0.0169615752045732,0.010541262836670137,68.23346098346137,39.0,193.6816593197893,0.2549019607843137,4.333333333333333,2.215686274509804,0.839388085762215
p4 FM1,3,22962,6.0,0.4,0.003103151211563593,0.013678211080656812,0.07240001838175159,0.002394283163431336,0.05071810091270904,0.046126535367283054,0.02644241112469409,0.013227989975472832,68.48876956376992,44.0,219.99234027670872,0.23157894736842108,4.4,2.3473684210526318,0.7507383145889776
p4 FM1,3,22969,6.0,0.4,0.0031211402977486466,0.04465280681985493,0.06617285204740718,0.002382158877495599,0.05095423245492055,0.049745819966796306,0.04316953536784336,0.04910773294271063,70.08717254967277,44.0,219.93953893083673,0.23157894736842108,4.4,2.3526315789473684,0.7124311178296119
p4 FM1,3,22970,7.0,0.3333333333333333,0.003221959655856016,0.026729995646040245,0.08243480771256044,0.0027518448193708397,0.05493180407615376,0.05596253170461204,0.037492675875269055,0.02482792829371892,70.28714063714088,47.0,239.63739340526195,0.22380952380952382,4.476190476190476,2.380952380952381,0.71879154496773
p4 FM1,3,22971,5.0,0.5,0.0029525969326493523,0.010320750610297531,0.0669040187311976,0.0020424346658388264,0.046299772652949614,0.03595595975024626,0.01968511039565886,0.01225734623695314,68.738311688312,39.0,192.40184659864985,0.2549019607843137,4.333333333333333,2.235294117647059,0.8794580930655477
p4 FM1,3,22986,6.0,0.4,0.0031199353669878033,0.03800300449379201,0.06620794079984214,0.002377649723547864,0.05100415273943429,0.05109725526964539,0.04809071435964071,0.02988086528132103,69.2737211318096,44.0,218.74954731526384,0.23157894736842108,4.4,2.363157894736842,0.7536257201119781
p4 FM1,3,22987,6.0,0.4,0.0031202431660695517,0.021711301365149354,0.07173356113181621,0.0023841977160312983,0.05094084591186678,0.04896497196760583,0.036702036517832784,0.022943532750836756,69.83864052614075,44.0,219.89767135165428,0.23157894736842108,4.4,2.357894736842105,0.7373832484761571
p4 FM1,3,22988,5.0,0.5,0.0029539175033526308,0.007641570743780607,0.06972627610598175,0.0020441880991006888,0.04655654779725826,0.03503997738237979,0.017863845318863168,0.007991015749346003,68.77253024753063,41.0,204.40582593423352,0.23976608187134504,4.315789473684211,2.2748538011695905,0.7802431569529487
p4 FM1,3,22989,7.0,0.3333333333333333,0.00324004114209968,0.03143657210333077,0.09008681861582389,0.002749716065705016,0.054896914834703936,0.058267239833651195,0.04408734295216477,0.029691011298793007,71.03378010878033,45.0,230.1236136971155,0.23684210526315788,4.5,2.3157894736842106,0.7151467842195889
p4 FM1,3,23003,7.0,0.3333333333333333,0.0032240187872979976,0.03929710333289182,0.09440225613338898,0.0027536595871947133,0.054922656646841005,0.056208514838832,0.042090947108072777,0.04371237765680222,71.771375846376,45.0,230.11673800864554,0.23684210526315788,4.5,2.3157894736842106,0.7098743967371507
p4 FM2,0,4,7.0,0.3333333333333333,0.010961016075800302,0.11267315502068048,0.17003920778063022,0.008869889720770118,0.10541900300523672,0.11408682869130064,0.12990305383369072,0.11140479987406231,37.75277777777773,47.0,239.63366437607945,0.22380952380952382,4.476190476190476,2.380952380952381,0.6864391200395907
p4 FM2,0,25,5.0,0.5,0.009368004849938424,0.010632518869794777,0.09248187941511515,0.006832000977340493,0.08630111587524528,0.058198363434066994,0.03671467335933914,0.010981529860965131,32.654761904761926,37.0,182.86318115034703,0.27205882352941174,4.352941176470588,2.1691176470588234,0.8677883184361823
p4 FM2,0,32,6.0,0.4,0.010049103571203857,0.034343727126654684,0.11040034715847993,0.007996683418262296,0.0944157262346142,0.08552273285507307,0.06805238070428801,0.03235269605118699,34.094841269841304,40.0,199.5979082221966,0.26143790849673204,4.444444444444445,2.241830065359477,0.8455276801334679
p4 FM2,0,34,7.0,0.3333333333333333,0.010755429233607271,0.09428328787686485,0.1497046038093359,0.008965706601990628,0.10399901067050034,0.11030573237013679,0.11495139437148547,0.10053209817642073,36.52460317460321,45.0,228.8939780952635,0.23684210526315788,4.5,2.3263157894736843,0.7361162674771684
p4 FM2,0,35,7.0,0.3333333333333333,0.010858944707024481,0.09806894972212879,0.1547659748251803,0.008943243546311505,0.10527326088877016,0.11633762037374544,0.12424549776719136,0.0944109364918843,36.95515873015875,47.0,239.77741618505476,0.22380952380952382,4.476190476190476,2.3666666666666667,0.737617601121777
p4 FM2,0,37,7.0,0.3333333333333333,0.010736333755599585,0.11146401747981569,0.14332963468799007,0.008980262827036819,0.1070404947708971,0.12043364406339706,0.1354923939916745,0.10587284813242107,36.587301587301646,54.0,281.4961040321997,0.1956521739130435,4.5,2.503623188405797,0.5716467289207199
p4 FM2,0,40,5.0,0.5,0.009419768479908145,0.00877494510110893,0.09524916687317694,0.00672483289408702,0.08576251955105108,0.05766167862466142,0.034704265843861444,0.009554093448018379,32.93730158730162,35.0,172.1509158909804,0.2916666666666667,4.375,2.1083333333333334,0.9729099134769386
p4 FM2,0,43,5.0,0.5,0.00945588663921645,0.014143238128250975,0.09515265131930964,0.006714985755066102,0.08783409141588464,0.06452302828056189,0.04765607721679556,0.01373402986197197,33.057575757575776,39.0,192.40184659864983,0.2549019607843137,4.333333333333333,2.235294117647059,0.8794580930655489
p4 FM2,0,78,6.0,0.4,0.010514088787324207,0.05482463535777206,0.1481571765986222,0.007730440417761676,0.09653900082549453,0.089593159187461,0.08641317890837442,0.05641600417986658,36.59404761904764,42.0,210.321931124176,0.2456140350877193,4.421052631578948,2.2982456140350878,0.7917879606968524
p4 FM2,0,81,5.0,0.5,0.009840128380655745,0.02667905650518321,0.12000124832210621,0.0066237539013433615,0.08819202269769119,0.06723984929649365,0.05354032846758096,0.027994051437912764,35.2055555555556,39.0,193.58295236794356,0.2549019607843137,4.333333333333333,2.2287581699346406,0.81897273130537
p4 FM2,0,83,7.0,0.3333333333333333,0.010922033182621171,0.10794431320989212,0.15316366816718688,0.008927473699958999,0.10546417367132065,0.1199147856869868,0.12912883906150432,0.10805265637346585,36.96904761904764,49.0,249.19755320117198,0.2121212121212121,4.454545454545454,2.4372294372294374,0.6582608948424744
p4 FM2,0,84,5.0,0.5,0.009587968426201394,0.013623423311734478,0.10743685932452392,0.006688364726886063,0.08626403449584387,0.05882547390978361,0.03849757525106138,0.01445581066545603,33.57063492063496,35.0,173.33432235223523,0.2916666666666667,4.375,2.1,0.926029922082684
p4 FM2,0,123,6.0,0.4,0.00994189705972267,0.023396256537436034,0.11451820990237065,0.007958579790936431,0.09471478638005708,0.07805931730315387,0.05715203574264827,0.02175283060253547,33.956349206349245,40.0,200.86956775385704,0.26143790849673204,4.444444444444445,2.2222222222222223,0.8220144773082978
p4 FM2,0,129,5.0,0.5,0.009897513690797503,0.029681478262529495,0.1279614599163677,0.00661112778767411,0.08951747594676948,0.07137600134488024,0.06660654898449875,0.03128620278461098,35.524603174603214,41.0,204.40582593423323,0.23976608187134504,4.315789473684211,2.2748538011695905,0.7802431569529478
p4 FM2,0,130,5.0,0.5,0.009728819201529971,0.017773519486356533,0.11813452809174145,0.0066633250432119205,0.08807780342453916,0.06499965493792564,0.05033798262533955,0.01687999480830916,34.2400793650794,39.0,193.5829523679434,0.2549019607843137,4.333333333333333,2.2287581699346406,0.8189727313053704
p4 FM2,0,135,7.0,0.3333333333333333,0.01056210721882323,0.056538007685823316,0.1429055736509421,0.009034645856276988,0.10280489708357843,0.09993584480355852,0.0850288916303917,0.056288040382722525,35.81587301587308,43.0,219.2667659194961,0.25146198830409355,4.526315789473684,2.2690058479532165,0.8178473201141048
p4 FM2,0,142,7.0,0.3333333333333333,0.01104964154634001,0.1428953512302143,0.17407103309950359,0.008830414460395612,0.10722799802869647,0.12255739092202311,0.1556208943429331,0.1401434595586449,38.213888888888874,51.0,260.07971317407805,0.2015810276679842,4.434782608695652,2.474308300395257,0.6140538919954286
p4 FM2,0,148,6.0,0.4,0.01035689938885627,0.07521327922801764,0.1411622680407293,0.007760159181012874,0.09723886897120906,0.09048359995138659,0.09323841293736304,0.0806651029924196,36.50833333333336,44.0,221.1390214727566,0.23157894736842108,4.4,2.3421052631578947,0.7100520858511538
p4 FM2,0,151,5.0,0.5,0.009649419319817013,0.01781899626398513,0.10939758645225302,0.006711231769174186,0.08691183773117427,0.06297837015032175,0.046292774681916345,0.018561547060098087,34.17420634920637,37.0,182.81520705543207,0.27205882352941174,4.352941176470588,2.176470588235294,0.8691132879133903
p4 FM2,0,152,6.0,0.4,0.00997222238377461,0.03552367505773487,0.1084777055443301,0.008000883831261773,0.0948184750985916,0.08191529634869579,0.0630703961704906,0.0367992158168995,34.2404761904762,42.0,210.3219311241758,0.2456140350877193,4.421052631578948,2.2982456140350878,0.7917879606968536
p4 FM2,0,158,5.0,0.5,0.009874530132830016,0.017744016651554288,0.12669903895041223,0.0066144541866140095,0.08760263467704499,0.06618020130538081,0.0549399872477263,0.016387077301252453,34.87261904761911,37.0,182.86318115034737,0.27205882352941174,4.352941176470588,2.1691176470588234,0.8677883184361843
p4 FM2,0,159,6.0,0.4,0.010542333740781984,0.06074693674133327,0.15336731961593061,0.007718633071979094,0.09659208445097406,0.09050229173291975,0.09434352480300671,0.05931750480975639,36.67738095238094,42.0,210.53881833539324,0.2456140350877193,4.421052631578948,2.2748538011695905,0.8105282305649653
p4 FM2,0,161,5.0,0.5,0.009859379108807135,0.03007934639339541,0.12496904343867801,0.006625644357628898,0.0882162602569435,0.06727830845175278,0.05965072048285188,0.03250460838494483,35.27976190476197,39.0,193.58295236794342,0.2549019607843137,4.333333333333333,2.2287581699346406,0.8189727313053696
p4 FM2,0,164,6.0,0.4,0.010630830244226019,0.08227315678612152,0.15572318151244624,0.0076899314210403195,0.09816387807290688,0.09609678334892281,0.10768823102324666,0.07434992749622028,36.88690476190477,46.0,230.71963395658386,0.21904761904761907,4.380952380952381,2.4,0.681766244895064
p4 FM2,0,171,5.0,0.5,0.009877416906891257,0.0188930559693645,0.12467277475022102,0.006620920851088151,0.08737866300253015,0.06630702354472146,0.053191051872644286,0.01790296724311249,35.02579365079371,37.0,182.914218658339,0.27205882352941174,4.352941176470588,2.161764705882353,0.9359894454590273
p4 FM2,0,177,7.0,0.3333333333333333,0.010932994647151802,0.10306792949662724,0.16187500179978112,0.008870277422461565,0.1060095097677683,0.11652592779648338,0.12397348207446403,0.10452472405570898,37.4968253968254,49.0,249.41227673542969,0.2121212121212121,4.454545454545454,2.41991341991342,0.6952170918817381
p4 FM2,0,180,5.0,0.5,0.009672840917681124,0.0189868710272967,0.10186233756405227,0.006771404029979897,0.08838524004313233,0.07388086437709192,0.05855138811868779,0.019248080565382474,33.832936507936545,41.0,203.1719101273758,0.23976608187134504,4.315789473684211,2.2865497076023393,0.7949053288648704
p4 FM2,0,184,6.0,0.4,0.010058635658823414,0.026586175367477444,0.11982654641627452,0.007845966391908146,0.09503275986438288,0.07976086450899941,0.06083863424792598,0.02726514359644927,34.48293650793654,40.0,200.96589774269052,0.26143790849673204,4.444444444444445,2.2091503267973858,0.8710912400405195
p4 FM2,0,193,7.0,0.3333333333333333,0.010634291623188016,0.08161197332190133,0.13305815914586752,0.009019673249552794,0.10405377462742178,0.11322587224819781,0.10743470202981023,0.0883150804929391,35.977380952381004,47.0,239.80527159157944,0.22380952380952382,4.476190476190476,2.3666666666666667,0.7080238499843279
p4 FM2,0,206,6.0,0.4,0.009834372473814227,0.0435027593045136,0.09859884233995463,0.007935661216319168,0.0948576265857479,0.08119483097806561,0.06681691348704012,0.04859363120659438,33.57860750360754,42.0,210.4144221648034,0.2456140350877193,4.421052631578948,2.2865497076023393,0.7899691363057637
p4 FM2,0,208,6.0,0.4,0.00977963940341072,0.02112961158865718,0.09961815705333142,0.00791605696001145,0.09382721780571375,0.0755759712666898,0.051824249831387614,0.022233701431478948,33.39487734487737,38.0,188.92502356733328,0.27941176470588236,4.470588235294118,2.176470588235294,0.988485485641918
p4 FM2,1,29678,7.0,0.3333333333333333,0.006339589400770265,0.07633478782114302,0.1263279363922468,0.00517616169430196,0.07853319184451005,0.07982933205450576,0.08623539971586998,0.07291138499069019,49.25249750249762,49.0,255.02255291769396,0.2121212121212121,4.454545454545454,2.4025974025974026,0.6459704701933926
p4 FM2,1,29682,5.0,0.5,0.005769471416950436,0.009431078885474533,0.09205421330215667,0.0038912280431317244,0.06490963081077884,0.045895539211502925,0.02847638077072898,0.009053866407067618,45.99588744588765,39.0,196.88500435065106,0.2549019607843137,4.333333333333333,2.196078431372549,0.7236771618724829
p4 FM2,1,29694,5.0,0.5,0.005922516294038499,0.011855332166232095,0.11182473485590225,0.0038514733300016105,0.06661801274996892,0.05079173198366459,0.04132765794956764,0.011948706667007035,48.19498556998569,43.0,222.54373309648008,0.2263157894736842,4.3,2.268421052631579,0.7177763783265398
p4 FM2,1,29695,5.0,0.5,0.005912979053094635,0.027486684360428056,0.11021171228696805,0.003833682314492841,0.06680351461224969,0.05268941253165743,0.050332518804845,0.02533439095116422,48.429184704184806,44.0,227.75058219887694,0.23157894736842108,4.4,2.305263157894737,0.6934215178670753
p4 FM2,1,29706,5.0,0.5,0.00592121869784235,0.014961770249353487,0.09767729063356316,0.0038451930866801208,0.06537245131311872,0.05413805731311984,0.04305498015316981,0.015398070374656288,47.7953823953825,40.0,202.94955197468008,0.26143790849673204,4.444444444444445,2.215686274509804,0.879458093065492
p4 FM2,1,29711,6.0,0.4,0.006320820508626453,0.04503492429130109,0.11237952258506789,0.004480885327808864,0.07254297532521396,0.07700546437802726,0.08477191551048109,0.04043983091956989,49.36453823953834,46.0,230.76511428334987,0.21904761904761907,4.380952380952381,2.395238095238095,0.6873756294923936
p4 FM2,1,29717,5.0,0.5,0.005630210898890081,0.005317871592927456,0.07332176847860623,0.003930293887509172,0.0631690656125203,0.043280449386155835,0.019891890960815534,0.00601638804806356,44.67972582972606,35.0,172.19936936508927,0.2916666666666667,4.375,2.1,1.0008307810573185
p4 FM2,1,29733,7.0,0.3333333333333333,0.006521793679468083,0.11812761534373943,0.11230251753177897,0.005153167760891059,0.07834727215347276,0.09603294934476557,0.1150325613964945,0.12083152547812269,50.56370851370863,49.0,248.0462088890198,0.2121212121212121,4.454545454545454,2.4415584415584415,0.6906667233234413
p4 FM2,1,29736,6.0,0.4,0.005960157036312676,0.013155628141607272,0.0807085924957356,0.004602370288511343,0.06873166965331683,0.05828361586706515,0.030626993908115963,0.014003121251290582,45.7078282828285,38.0,188.9250235673333,0.27941176470588236,4.470588235294118,2.176470588235294,0.9884854856419188
p4 FM2,1,29801,6.0,0.4,0.006085005162651425,0.02921366612554635,0.10501239139743299,0.004528883116560005,0.07050095159929595,0.06289306201667558,0.04983999866858237,0.028437977950512294,47.741472416472526,40.0,199.6413775773163,0.26143790849673204,4.444444444444445,2.235294117647059,0.8402311029258275
p4 FM2,1,29802,7.0,0.3333333333333333,0.006317308085304294,0.0800737853202726,0.11585664341096401,0.005172456184423031,0.0774734850296627,0.08117977199659347,0.08036740247866044,0.0831689727975883,49.0802752802754,47.0,238.41112950627308,0.22380952380952382,4.476190476190476,2.3904761904761904,0.7232581054047444
p4 FM2,1,29808,6.0,0.4,0.006158206363075379,0.03273124716174501,0.11044876678697219,0.004522265114776634,0.07206347919571876,0.0654125163900249,0.054799678013454964,0.030520031912868655,48.222077922078036,46.0,233.78307593350502,0.21904761904761907,4.380952380952381,2.3904761904761904,0.649134996788541
p4 FM2,1,29821,5.0,0.5,0.005881570434546661,0.024718641484732705,0.10468130874744516,0.0038402918132402213,0.0659087344862471,0.05163756808082657,0.04144751665328698,0.027485917384310946,48.41529581529589,41.0,204.19517844073914,0.23976608187134504,4.315789473684211,2.2748538011695905,0.7825904383236728
p4 FM2,1,29823,6.0,0.4,0.00619827075234165,0.08621702253540153,0.11980718541093345,0.004488459975904617,0.07252768897124542,0.06834330462840252,0.0761233002017952,0.09157257733199828,50.18706016206026,47.0,241.28615917550144,0.22380952380952382,4.476190476190476,2.376190476190476,0.7319982048960072
p4 FM2,1,29835,4.0,0.6666666666666666,0.005322817843074898,0.00347734785112893,0.08166896048944179,0.0032106582534449,0.0586968650571924,0.03210910037056381,0.0184987368943898,0.0038153257959250477,45.09940892440912,34.0,169.69741479601709,0.2833333333333333,4.25,2.075,0.8763813549648661
p4 FM2,1,29836,6.0,0.4,0.005969132948579898,0.03703499491121957,0.10595875780844423,0.004551857469256428,0.07166987781945994,0.057974945519688896,0.05013426973160168,0.041495086431712666,47.68427960927973,44.0,229.3677507844164,0.23157894736842108,4.4,2.278947368421053,0.6807814924330979
p4 FM2,1,29848,5.0,0.5,0.005783944093560346,0.007578138724404551,0.09406002163282606,0.0038897486983589693,0.06487292983365674,0.04633391862866968,0.028653664067154746,0.007614007818161612,46.35328282828302,40.0,206.806948813393,0.26143790849673204,4.444444444444445,2.1633986928104574,0.8352978923873204
p4 FM2,1,29850,8.0,0.2857142857142857,0.006641208287944566,0.07703088559765665,0.14626341963632009,0.005881709133160038,0.08319945356474087,0.0931436380025754,0.08900576381532024,0.0791206915668045,50.38225108225116,48.0,255.09648479301228,0.22857142857142856,4.571428571428571,2.323809523809524,0.7544051381258406
p4 FM2,1,29851,6.0,0.4,0.006135020615080626,0.04394046266334841,0.12018998564994417,0.004520328925189755,0.07206478663672009,0.06267876831498082,0.061746190924936835,0.044392590627967035,49.39737762237771,44.0,226.94088439372024,0.23157894736842108,4.4,2.3157894736842106,0.7491848480118326
p4 FM2,1,29856,7.0,0.3333333333333333,0.006545279505210198,0.10469143935472723,0.14502185347112986,0.0051496907757609695,0.07938588547638231,0.08662695406025764,0.10382248540713129,0.10472806817378066,51.367604617604705,52.0,275.42717512815364,0.20553359683794464,4.521739130434782,2.4426877470355732,0.6968296718764988
p4 FM2,1,29869,7.0,0.3333333333333333,0.006468739247646398,0.07391409403434902,0.1298779002389114,0.005197866835935947,0.07808343195216612,0.08065186686589558,0.07967426463729504,0.07874648482873345,50.30515873015882,50.0,266.68436011140096,0.21645021645021648,4.545454545454546,2.3896103896103895,0.686870624165236
p4 FM2,1,29870,4.0,0.6666666666666666,0.005430401718983327,0.002534898214262591,0.08746377891960425,0.0032121271087748103,0.058742625306384924,0.03365037364123737,0.019114156297327926,0.0020556465799819214,45.8365800865803,34.0,171.18872765665645,0.2833333333333333,4.25,2.05,0.8983526908998856
p4 FM2,1,29872,8.0,0.2857142857142857,0.006537572507043759,0.0765448413993779,0.1363433353023675,0.0058809394365389196,0.0832908654209607,0.0932897973864331,0.09005931379530695,0.07899517125451277,49.899794649794785,48.0,253.589465499435,0.22857142857142856,4.571428571428571,2.3285714285714287,0.7417114029816927
p4 FM2,1,29885,7.0,0.3333333333333333,0.006528054829978972,0.05314669946179753,0.1355303141335219,0.00518122393963651,0.07811543500886517,0.08517791565349074,0.08995064901904465,0.048155523875397385,50.207611832611896,47.0,245.7736524723589,0.22380952380952382,4.476190476190476,2.342857142857143,0.6893039255580755
p4 FM2,1,29886,8.0,0.2857142857142857,0.0067974616186390535,0.1347226561577805,0.15502594200042122,0.005811807917978279,0.08532685501917556,0.10757819891086866,0.13736023542359324,0.13234701958337608,52.07940115440123,55.0,292.14254547049217,0.19927536231884058,4.583333333333333,2.4746376811594204,0.651180742857786
p4 FM2,1,29887,5.0,0.5,0.005884415795003256,0.026348207244739155,0.10307364373458047,0.003844892885299727,0.06655687764469723,0.05221847394477082,0.044541920800495544,0.026037105184481723,47.81612554112567,43.0,217.0458801327248,0.2263157894736842,4.3,2.3263157894736843,0.6739363970580787
p4 FM2,1,29896,7.0,0.3333333333333333,0.006357957099135112,0.05921035055676283,0.11211935423318706,0.005212196177113234,0.07800078800122646,0.08424817742631761,0.07117207840588739,0.06156688234696689,48.72362914862926,49.0,250.22246800182504,0.2121212121212121,4.454545454545454,2.4285714285714284,0.6509245533905255
p4 FM2,1,29902,6.0,0.4,0.006318347211733316,0.0928227081567903,0.11693705858666073,0.004482664210136111,0.07305817484022167,0.07601146402336693,0.0935995285846717,0.09351422249461884,50.23979076479087,48.0,242.61154165442807,0.20779220779220778,4.363636363636363,2.4285714285714284,0.6273995169879537
p4 FM2,1,29904,6.0,0.4,0.0061022443777718404,0.02155732262847674,0.10204842021691814,0.004550951472525304,0.0705839976352112,0.06306040589260618,0.04489884822919802,0.02421879091240702,47.94498556998568,42.0,211.47237853863697,0.2456140350877193,4.421052631578948,2.2690058479532165,0.7621950562222636
p4 FM2,1,29905,6.0,0.4,0.006073195035676894,0.023784430024855644,0.10323001956917545,0.004558672083443375,0.07073686401173795,0.060853030610871654,0.04230211283906353,0.024812214090498688,47.45108225108242,42.0,212.61667553229847,0.2456140350877193,4.421052631578948,2.2690058479532165,0.7428084341638463
p4 FM2,1,29927,5.0,0.5,0.0057991205440854005,0.008649061171952261,0.08261201204815279,0.0038758018856981545,0.06425535625096442,0.05055071494284845,0.03254920725214752,0.01052330004321355,46.61645021645038,37.0,181.63620605048368,0.27205882352941174,4.352941176470588,2.1838235294117645,0.9154162499968937
p4 FM2,1,29928,5.0,0.5,0.005601105159476675,0.0030389525991119898,0.07227499572633889,0.003939272106188219,0.062321167685771416,0.040403642419392635,0.016147289145791013,0.0027880916252092255,43.78849206349228,33.0,161.4916099217256,0.31428571428571433,4.4,2.038095238095238,1.1386192562550248
p4 FM2,2,29944,5.0,0.5,0.004198670679145253,0.016461312034036543,0.09837323208663383,0.0027410079123996465,0.05612556225811257,0.04737196415587263,0.040149326389531524,0.01608383115970351,59.06680541680565,44.0,226.91474681717614,0.23157894736842108,4.4,2.305263157894737,0.719479306983879
p4 FM2,2,29962,6.0,0.4,0.004375713508997189,0.05754724357701055,0.08040692970780712,0.0032199017639019606,0.05991103313107745,0.060829270760298246,0.06103437773924472,0.061183697508512186,59.40140692640715,44.0,218.74954731526418,0.23157894736842108,4.4,2.363157894736842,0.7536257201119797
p4 FM2,2,29986,7.0,0.3333333333333333,0.004617821433336663,0.09142168160796993,0.1332452230023171,0.0036724512458193395,0.06800127870387984,0.08049032661050344,0.10409121321003079,0.08463144107382584,62.03723221223249,56.0,298.3034833923589,0.18666666666666668,4.48,2.52,0.5924284433959842
p4 FM2,2,29994,4.0,0.6666666666666666,0.0037817893781410526,0.0011368555972830062,0.07508469301494505,0.002300203309839724,0.049401066938813895,0.028284514423038122,0.014011127219131529,0.0011150293923839114,55.1560883560887,35.0,179.39278517710184,0.2916666666666667,4.375,2.0416666666666665,1.0190006261242264
p4 FM2,2,30025,7.0,0.3333333333333333,0.004534991591547224,0.05961913603786039,0.091449928899406,0.0037000331568137843,0.06545531946711113,0.07512588863284254,0.0731678214632847,0.06033849147726193,59.569913419913696,49.0,248.04490510068393,0.2121212121212121,4.454545454545454,2.4415584415584415,0.6682253074338608
p4 FM2,2,30030,6.0,0.4,0.004264658459597813,0.01664506400264444,0.06850515163016833,0.0032466843758938526,0.058902373972330856,0.05234977216368993,0.03423113012098915,0.01508360887708202,56.29051504051534,42.0,209.21794618513434,0.2456140350877193,4.421052631578948,2.2982456140350878,0.833114416191608
p4 FM2,2,30037,6.0,0.4,0.004238663409347982,0.01688925947238888,0.08132368240098596,0.0032628702312394817,0.0586262080526585,0.05076159752500387,0.03356024497347632,0.014597005912595457,57.0852758352761,40.0,199.6446038529741,0.26143790849673204,4.444444444444445,2.235294117647059,0.8818657187023073
p4 FM2,2,30046,6.0,0.4,0.004314001419607792,0.01555111609233566,0.08704163529077868,0.003249919516787805,0.05906487048576263,0.05248088567039823,0.034173067789551724,0.017908636273454175,57.998665223665476,42.0,210.46209550779503,0.2456140350877193,4.421052631578948,2.280701754385965,0.8286419778593742
p4 FM2,2,30048,6.0,0.4,0.0042701828007012076,0.012759138611728124,0.07508431878767463,0.003254905272062148,0.05900132291713894,0.05075907499132345,0.028599311930601015,0.012117579121258349,55.593056943057306,42.0,210.36839302377336,0.2456140350877193,4.421052631578948,2.2923976608187133,0.7997656239057964
p4 FM2,2,30051,7.0,0.3333333333333333,0.004502762445495571,0.04511888456356101,0.10732339428412255,0.003702607354438418,0.06602453308913,0.07285616049498753,0.06838801342572705,0.04126292484566812,59.84800754800781,52.0,271.9337961469557,0.20553359683794464,4.521739130434782,2.450592885375494,0.6293143894302617
p4 FM2,2,30052,8.0,0.2857142857142857,0.004752582442288799,0.12474196789786367,0.13526827909318342,0.004165418027732621,0.07146485214787258,0.09286673861207087,0.1253968356775636,0.12316029031179553,62.74137251637279,52.0,275.37882856912245,0.20553359683794464,4.521739130434782,2.4229249011857705,0.68734677587984
p4 FM2,2,30070,7.0,0.3333333333333333,0.004541923256176075,0.06761711022241809,0.12222742083036818,0.0037084541740319945,0.06612025608754066,0.07039848953824042,0.07360386098499659,0.06890372959566239,61.31460761460787,49.0,255.2181083617159,0.2121212121212121,4.454545454545454,2.406926406926407,0.6995010420127709
p4 FM2,2,30071,7.0,0.3333333333333333,0.004435222537319124,0.015723420650865502,0.09531851335960222,0.003747709035877825,0.0636698809215904,0.06261018906039345,0.036228743123449,0.014674910752235495,56.725668775669085,43.0,219.38251715227736,0.25146198830409355,4.526315789473684,2.257309941520468,0.8026934965267533
p4 FM2,2,30086,4.0,0.6666666666666666,0.003890552587163612,0.006653811434143666,0.0839329161013,0.002267726858182652,0.05087033921915182,0.035213458138556655,0.02642591988079595,0.00701327772967012,57.45707348207369,38.0,191.4138147710374,0.24836601307189543,4.222222222222222,2.176470588235294,0.825095469915851
p4 FM2,2,30103,7.0,0.3333333333333333,0.004510453642208143,0.05003572804535444,0.11216371910829995,0.0037148772899958543,0.06621482494970751,0.07019475674177644,0.06142658472074584,0.04845225294944227,59.264305139305385,51.0,265.89066566514197,0.2015810276679842,4.434782608695652,2.4466403162055337,0.6316464709721957
p4 FM2,2,30153,6.0,0.4,0.0042851181455221534,0.02969885906451731,0.06900344570813528,0.0032394395035344973,0.059064743686997066,0.05426313993038551,0.044105794953122716,0.029122093612815248,57.460608835609065,42.0,209.17227338057177,0.2456140350877193,4.421052631578948,2.304093567251462,0.7949814819885623
p4 FM2,2,30170,5.0,0.5,0.004043454380502579,0.006318524390105279,0.06741078760883955,0.002777234049609128,0.0538452037724013,0.040619057251544126,0.02249063871377066,0.006349688674851885,55.7441530691534,37.0,181.63620605048348,0.27205882352941174,4.352941176470588,2.1838235294117645,0.9154162499968937
p4 FM2,2,30178,6.0,0.4,0.004414471964592365,0.057488793129744614,0.0857443427517882,0.0032121912271327884,0.06005624541914885,0.062217814696334826,0.06812669069020207,0.05236767626780864,59.634595959596176,44.0,218.74954731526338,0.23157894736842108,4.4,2.363157894736842,0.7536257201119785
p4 FM2,2,30183,6.0,0.4,0.004314812770335759,0.019430309566964184,0.08532680918555473,0.003246309895316718,0.058953086765594645,0.055112056499801554,0.044115246991111336,0.01771192855048652,57.52838827838855,40.0,199.644603852973,0.26143790849673204,4.444444444444445,2.235294117647059,0.88186571870231
p4 FM2,2,30184,6.0,0.4,0.004374847797095932,0.04469424029432353,0.08484934804310015,0.0032255052463981194,0.059823511267503245,0.058074817733376326,0.052598051479208964,0.046853100686489256,58.86911976911999,44.0,219.93953893083707,0.23157894736842108,4.4,2.3526315789473684,0.712431117829611
p4 FM2,2,30196,6.0,0.4,0.00440366391484357,0.07190785767493728,0.09874282049946739,0.003223282294423915,0.06026717153238198,0.06030267640248491,0.07125878144698247,0.0731632153852891,60.1749028749031,44.0,222.02872827515193,0.23157894736842108,4.4,2.3473684210526318,0.698775585473055
p4 FM2,2,30199,5.0,0.5,0.004135406921215507,0.014145412007642136,0.08427030494273198,0.002754329732375711,0.05509895597298155,0.04503405198090189,0.03500722302193332,0.01497994633105549,58.22549950049973,41.0,204.19517844073823,0.23976608187134504,4.315789473684211,2.2748538011695905,0.7825904383236733
p4 FM2,2,30203,5.0,0.5,0.004188838579088393,0.02314641473714906,0.09141083523683825,0.0027478171598341915,0.05537030609315272,0.046397888083610055,0.04209503043768032,0.023451127833870072,58.777355977356194,41.0,205.28540083162983,0.23976608187134504,4.315789473684211,2.280701754385965,0.7227797719640066
p4 FM2,2,30204,6.0,0.4,0.00421921735201667,0.007545934847761414,0.07751592712469828,0.003279972406874227,0.05780410139643662,0.045848244539919175,0.021407551175607976,0.007666345117834657,55.436083361083725,38.0,190.07440287578072,0.27941176470588236,4.470588235294118,2.1691176470588234,0.9396347043627422
p4 FM2,2,30209,5.0,0.5,0.004019999363997127,0.004922582836304978,0.06614357902753225,0.0027894778981629852,0.05347560708015468,0.03711162959969217,0.016660489186479662,0.005097002169261302,54.90641858141894,37.0,182.8152070554313,0.27205882352941174,4.352941176470588,2.176470588235294,0.8691132879133905
p4 FM2,2,30218,5.0,0.5,0.004107622848537215,0.012264182282199235,0.08564397402977289,0.002765050746451454,0.05498865679382413,0.04149449940858816,0.02492364150740527,0.012893372948883845,57.25439837939866,42.0,214.97087801553545,0.2456140350877193,4.421052631578948,2.257309941520468,0.8437600529686577
p4 FM2,2,30294,6.0,0.4,0.004276074107014031,0.04864652593851658,0.06959568593181076,0.0032462014734605344,0.05878600841693629,0.054615905756220905,0.049345336483139435,0.055394419210569444,58.422311022311256,40.0,198.4512771977259,0.26143790849673204,4.444444444444445,2.2483660130718954,0.8974188832427067
p4 FM2,2,30303,6.0,0.4,0.004264778766251061,0.018777950514290685,0.07177496405153086,0.0032521425450159768,0.059270102442713704,0.054385065199277424,0.04035763200341667,0.01962102032489304,57.128479853480144,42.0,210.5388183353936,0.2456140350877193,4.421052631578948,2.2748538011695905,0.810528230564963
p4 FM2,2,30307,6.0,0.4,0.004345185311226374,0.0526008801757699,0.07496934185466317,0.003226689372802472,0.05930464568803614,0.05834040535531936,0.05837657257359174,0.051100010071841444,59.05394882894907,42.0,207.98159432184156,0.2456140350877193,4.421052631578948,2.3157894736842106,0.8525697663022466
p4 FM2,2,30310,6.0,0.4,0.004361301876219919,0.03591278244817198,0.07768867412746826,0.003221882732399022,0.059738730103248455,0.058475942150081596,0.05191509703945421,0.03641593975675699,58.469785769786014,44.0,218.74954731526415,0.23157894736842108,4.4,2.363157894736842,0.7536257201119786
p4 FM2,2,30321,6.0,0.4,0.0044286748267168404,0.07401873748946708,0.0911526628939068,0.003208012441685274,0.060584307396414495,0.06349205166338992,0.07182009314277057,0.0810326999060293,60.77157287157313,46.0,229.51939096374463,0.21904761904761907,4.380952380952381,2.4095238095238094,0.6777330284643972
p4 FM2,2,30322,7.0,0.3333333333333333,0.004504108071631802,0.054887112733644376,0.08522851179578425,0.0037085575888297427,0.06458207319255621,0.06925550151215401,0.05753807164967631,0.05528215979880217,58.608086358086624,47.0,237.2165579601587,0.22380952380952382,4.476190476190476,2.4,0.7437871132826712
p4 FM2,2,30329,5.0,0.5,0.004061338913527641,0.005318942509482545,0.06796982590355011,0.0027771118438961674,0.05359296198931259,0.038743403666660355,0.019455649027696927,0.005750306771570019,55.72372349872386,37.0,181.6362060504839,0.27205882352941174,4.352941176470588,2.1838235294117645,0.9154162499968933
p4 FM2,2,30336,7.0,0.3333333333333333,0.00461771247589655,0.09314812769536718,0.10779533563482996,0.003685682508924426,0.06554653139812991,0.07722117410940656,0.09228787903902648,0.0958031817017409,61.66165223665249,49.0,248.00105911776657,0.2121212121212121,4.454545454545454,2.445887445887446,0.6760015447065089
p4 FM2,2,30352,7.0,0.3333333333333333,0.004536786308995374,0.05207853668870994,0.11084869445865811,0.0037184273198355997,0.06464524840316638,0.06891150225223976,0.0627044378817388,0.05480887474292892,60.03972971472995,45.0,230.11673800864418,0.23684210526315788,4.5,2.3157894736842106,0.7098743967371521
p4 FM2,2,30354,5.0,0.5,0.0040511901218160925,0.004294512377936265,0.07570784112123823,0.0027853383369612524,0.053582648774605494,0.03725874429866189,0.016799975604774565,0.004401487681858038,55.251934176934526,37.0,182.81520705543147,0.27205882352941174,4.352941176470588,2.176470588235294,0.8691132879133903
p4 FM2,3,30777,6.0,0.4,0.002794373891137717,0.05480601461370463,0.07924418939873795,0.002108821742172634,0.048886183676109224,0.05224607114939371,0.053744386870405524,0.057222128270026505,76.41651404151413,46.0,231.69348133537645,0.21904761904761907,4.380952380952381,2.395238095238095,0.6637127997275429
p4 FM2,3,30816,7.0,0.3333333333333333,0.0028600423701521343,0.05666064436219383,0.09277852026632925,0.002428425826898829,0.05278967625119942,0.060909756451656034,0.06390072602878434,0.05647848517789698,75.48421300921319,50.0,259.7549234368215,0.21645021645021648,4.545454545454546,2.411255411255411,0.6717404459839282
p4 FM2,3,30829,6.0,0.4,0.00266658390791236,0.007569142021582064,0.07216556558804295,0.002152506017862096,0.04736822123061098,0.037881037103004785,0.017112181945229246,0.007879332923960975,71.83084138084163,42.0,216.30440749143673,0.2456140350877193,4.421052631578948,2.2339181286549707,0.7920300723736303
p4 FM2,3,30834,6.0,0.4,0.0026773616732795823,0.008575027206142971,0.07153994722508496,0.0021413537079653386,0.04713271554911862,0.040144416353199895,0.018764328056866723,0.008572227642717497,71.69388111888142,41.0,208.9047529330936,0.2679738562091503,4.555555555555555,2.215686274509804,0.8976480472660737
p4 FM2,3,30838,6.0,0.4,0.0026807860815646002,0.0126349779637887,0.07042272981177068,0.002136381855320823,0.04757338707970446,0.04098759280049262,0.02051406784340173,0.013383961371016032,71.92194137561808,42.0,210.5388183353934,0.2456140350877193,4.421052631578948,2.2748538011695905,0.8105282305649639
p4 FM2,3,30848,7.0,0.3333333333333333,0.0027938996429160497,0.027806264975017803,0.07793482756023866,0.0024419780305551027,0.05230646192180919,0.05231492010502986,0.031852002816253826,0.028491615203055737,73.29514954000273,49.0,249.23729659295702,0.2121212121212121,4.454545454545454,2.432900432900433,0.6361063703364309
p4 FM2,3,31034,7.0,0.3333333333333333,0.0028669751437741054,0.06347978752683826,0.09076047094646864,0.0024297847505152952,0.0524788319351245,0.06091778039408124,0.06798010583468582,0.061247062760833755,76.35094488844501,47.0,238.41263849666797,0.22380952380952382,4.476190476190476,2.3904761904761904,0.7313628976054061
p4 FM2,3,31066,7.0,0.3333333333333333,0.002832917462404403,0.02743692174884138,0.08707223686594939,0.00244825732463029,0.052203620049958425,0.054380123898823504,0.038971048096336044,0.03027604099878328,75.09758574758597,47.0,244.313076351741,0.22380952380952382,4.476190476190476,2.342857142857143,0.6824443575505376
p4 FM2,3,31078,6.0,0.4,0.0027444452419001296,0.023874840558761268,0.08064766759031039,0.002113549810875331,0.048659410368835164,0.0491349235839962,0.038087003909692975,0.022811382165101535,73.66704406704426,46.0,229.57218872317543,0.21904761904761907,4.380952380952381,2.4047619047619047,0.7173491471198667
p4 FM2,3,31109,6.0,0.4,0.0027322881446887304,0.03584353578950934,0.07932775142879162,0.0021113613786154497,0.04851065194436602,0.05038716159990281,0.05139979536922178,0.030800248742316853,73.59044566544584,44.0,218.74954731526412,0.23157894736842108,4.4,2.363157894736842,0.7536257201119803
p4 FM2,3,31129,5.0,0.5,0.002534187477246655,0.0055421907829820115,0.0606940925768969,0.0018327186304518117,0.04313604081630269,0.02881222033333181,0.011261863718668778,0.006250626730620398,70.32929652047342,37.0,183.84380167305207,0.27205882352941174,4.352941176470588,2.161764705882353,0.8457792624069287
p4 FM2,3,31133,5.0,0.5,0.0025476193807692804,0.009602273791843372,0.06114025336275797,0.0018251982450237243,0.0436604952739629,0.030022551641991503,0.014120137709957958,0.009066037930593879,70.78304636539967,39.0,194.56078217221122,0.2549019607843137,4.333333333333333,2.2222222222222223,0.7643054418006406
p4 FM2,3,31193,5.0,0.5,0.002507452952117784,0.0036038212247791286,0.05520839333706862,0.0018318392602560912,0.0430036622581163,0.028963648777883468,0.010241162816542932,0.0032042040855999356,68.99931661475834,37.0,182.9142186583383,0.27205882352941174,4.352941176470588,2.161764705882353,0.9359894454590258
p4 FM2,3,31495,8.0,0.2857142857142857,0.002984771109338875,0.08758949996277379,0.0978158818948623,0.002737958119801792,0.0566156170556145,0.07594616927645145,0.09557628000442807,0.08362429999479476,77.56003996004,50.0,258.304928616082,0.21645021645021648,4.545454545454546,2.4155844155844157,0.7228227454137898
p4 FM2,3,31534,5.0,0.5,0.002643772052511864,0.007272147672580633,0.07032470657367246,0.0018038561130255296,0.044491956905701055,0.03871175039036946,0.02578326487099424,0.008624286438457127,73.61357808857836,41.0,204.0919291895585,0.23976608187134504,4.315789473684211,2.2865497076023393,0.7298425489023741
p4 FM2,3,31550,6.0,0.4,0.0027658624775890248,0.03639743559353635,0.07391920094806881,0.0021158559934217995,0.04832826225191767,0.04898490976573476,0.04470452486967692,0.0360213994643767,74.51384171384193,44.0,219.89767135165394,0.23157894736842108,4.4,2.357894736842105,0.7373832484761556
p4 FM2,3,31551,6.0,0.4,0.002774424047520847,0.032505343523469614,0.07861540289636167,0.002114285019482265,0.04880425374023554,0.04946688978660503,0.0388491421232081,0.034870735674159097,74.94433483183504,46.0,231.8366564567082,0.21904761904761907,4.380952380952381,2.380952380952381,0.6898417920010458
p4 FM2,3,31553,6.0,0.4,0.002677357964475195,0.006678886607103179,0.0739146655003767,0.002147822280042233,0.04717295647228857,0.03959024071027165,0.01904633671074766,0.006727641788964617,72.09031801531825,40.0,203.25371049839956,0.26143790849673204,4.444444444444445,2.2026143790849675,0.879098405420516
p4 FM2,3,31567,6.0,0.4,0.0027422499215881296,0.01796769141997088,0.07327382190005736,0.002120995572228671,0.048506953554772865,0.046153051386296745,0.031188164648578733,0.016278578442576457,73.34147559956409,46.0,231.68740300335458,0.21904761904761907,4.380952380952381,2.395238095238095,0.6398686152831741
p4 FM2,3,31576,8.0,0.2857142857142857,0.0029135683498982897,0.04793750363198803,0.09243632508666956,0.002756881940572035,0.056403962622368825,0.06500731766312492,0.048248473632803275,0.0511474832678412,75.86402486402505,53.0,279.8286315158564,0.20948616600790515,4.608695652173913,2.4347826086956523,0.6686919259004218
p4 FM2,3,31590,6.0,0.4,0.002672948977990391,0.007062358215325448,0.06373517903846501,0.0021441038100158587,0.047003870697318186,0.03959194667469688,0.01814656202860622,0.006906894234688858,71.15962852507006,40.0,199.76591396241878,0.26143790849673204,4.444444444444445,2.2222222222222223,0.8788664711987123
p4 FM2,3,31591,5.0,0.5,0.002539690373790188,0.002473991291224397,0.05812472027102166,0.0018309313082648059,0.04317498660365586,0.02960471891476697,0.010979641559980314,0.002814446155125672,70.3706310029843,37.0,183.93394899092021,0.27205882352941174,4.352941176470588,2.1470588235294117,0.8730144504823424
p4 FM2,3,31624,6.0,0.4,0.002678740168610072,0.020988600411909475,0.0689190302104636,0.0021383589268436573,0.04796347549892903,0.039645402621080086,0.022654824038201297,0.024346590531568,72.79458482693805,44.0,223.34895314504587,0.23157894736842108,4.4,2.3263157894736843,0.6716810495632611
p4 FM2,3,31626,6.0,0.4,0.0027226708664277836,0.01891420573597746,0.07557084173188448,0.0021176858052155936,0.04819552909217466,0.047152817495855925,0.03251848636278853,0.01842219694807675,72.67332112332129,44.0,218.74954731526458,0.23157894736842108,4.4,2.363157894736842,0.7536257201119783
p4 FM2,3,31635,5.0,0.5,0.002514496329597022,0.001248548823917684,0.05376970506080545,0.0018369789192308967,0.04264997545583262,0.027855368361713248,0.00862103903041778,0.0011737827432425287,68.08508460493819,35.0,172.19936936508893,0.2916666666666667,4.375,2.1,1.0008307810573183
p4 FM2,3,31637,6.0,0.4,0.002724515595012214,0.03413505344326547,0.0761344364819599,0.00210857451751299,0.04877650621216351,0.0500788183247683,0.04916926010921761,0.03319224799291797,73.80174033482874,46.0,229.5217139629117,0.21904761904761907,4.380952380952381,2.4095238095238094,0.7000644474301613
p4 FM2,3,31645,7.0,0.3333333333333333,0.0027917128704771942,0.02796941567899784,0.07412536300661815,0.0024413553272765913,0.05221726101438221,0.05242999654633557,0.030724633975922434,0.033347844832139685,73.90200379685702,49.0,248.04490510068385,0.2121212121212121,4.454545454545454,2.4415584415584415,0.6682253074338609
p4 FM2,3,31646,7.0,0.3333333333333333,0.002797243429365764,0.031326646773443656,0.07976640735004199,0.0024384336256897212,0.052081017422985036,0.05495067039953429,0.0376184107540555,0.034959524429657086,73.84269145886807,47.0,238.48394735547856,0.22380952380952382,4.476190476190476,2.3857142857142857,0.7047795817605893
p4 FM2,3,31655,6.0,0.4,0.002784736147579442,0.04469474189056338,0.08329625838957691,0.002110293508229855,0.0491882841589501,0.050796385674563835,0.05334731735938858,0.04421269129245718,75.98117160617167,49.0,252.93904857587216,0.2121212121212121,4.454545454545454,2.4285714285714284,0.6474688573129681
p4 FM2,3,31656,6.0,0.4,0.002765920346384099,0.04963049600716536,0.07953372027126261,0.002115664705714895,0.04872459664167287,0.04943134061759471,0.0538994372150742,0.04865406440109947,76.45162615162613,46.0,232.80387867440274,0.21904761904761907,4.380952380952381,2.395238095238095,0.6896138495830268
p4 FM2,3,31736,6.0,0.4,0.0026438065998044295,0.007655022854054402,0.06257277288603068,0.002142590127802081,0.047343723323374956,0.03883438329693184,0.016146433820547233,0.006821563208257078,70.25862572669891,42.0,210.46209550779443,0.2456140350877193,4.421052631578948,2.280701754385965,0.8286419778593744
p4 FM2,3,31737,5.0,0.5,0.0025037175736926476,0.004272715857388757,0.05539128976419543,0.0018312699600906619,0.04285546081294075,0.02948253420335629,0.01203942271407259,0.005356192883161465,69.34587601940585,35.0,172.15091589098012,0.2916666666666667,4.375,2.1083333333333334,0.9729099134769379
p4 FM2,3,31889,4.0,0.6666666666666666,0.0023570138595059085,0.00012683072385195342,0.051545192184501896,0.0015272433527208989,0.03841130653480247,0.019572548701068594,0.005322229576645084,0.0002010128201245209,67.62790542790606,30.0,147.26090287855055,0.32967032967032966,4.285714285714286,1.945054945054945,1.161964364585606
p4 FM2,3,31890,6.0,0.4,0.002720957530788389,0.02412459986788974,0.07912525137704156,0.002133436660909177,0.04814662746452174,0.04399346227744457,0.033533451703720796,0.02720440782109601,74.75670995671018,44.0,224.8372534809012,0.23157894736842108,4.4,2.3105263157894735,0.7565072428014714
p4 FM2,3,31914,6.0,0.4,0.002654592516986718,0.007805807290230744,0.06084592388384111,0.00214584676918302,0.04691852758058951,0.03821842166305188,0.0162134994496892,0.008397582328172512,70.5483254275828,40.0,199.64137757731598,0.26143790849673204,4.444444444444445,2.235294117647059,0.8402311029258285
